Position,Const,Created,Modified,Description,Title,URL,Title Type,IMDb Rating,Runtime (mins),Year,Genres,Num Votes,Release Date,Directors,Your Rating,Date Rated
1,tt0068646,2005-12-29,2011-08-11,,The Godfather,https://www.imdb.com/title/tt0068646/,movie,9.2,175,1972,"Crime, Drama",1331775,1972-03-14,Francis Ford Coppola,10,2008-08-12
2,tt0071562,2005-12-29,2011-08-11,,The Godfather: Part II,https://www.imdb.com/title/tt0071562/,movie,9.0,202,1974,"Crime, Drama",921052,1974-12-12,Francis Ford Coppola,9,2008-08-12
3,tt0167260,2005-12-29,2011-08-11,,The Lord of the Rings: The Return of the King,https://www.imdb.com/title/tt0167260/,movie,8.9,201,2003,"Adventure, Drama, Fantasy",1389508,2003-12-01,Peter Jackson,,
4,tt0108052,2005-12-29,2011-08-11,,Schindler's List,https://www.imdb.com/title/tt0108052/,movie,8.9,195,1993,"Biography, Drama, History",1003742,1993-11-30,Steven Spielberg,,
5,tt0076759,2005-12-29,2011-08-11,,Star Wars,https://www.imdb.com/title/tt0076759/,movie,8.6,121,1977,"Action, Adventure, Fantasy, Sci-Fi",1050946,1977-05-25,George Lucas,8,2017-01-16
6,tt0034583,2005-12-29,2011-08-11,,Casablanca,https://www.imdb.com/title/tt0034583/,movie,8.5,102,1942,"Drama, Romance, War",445146,1942-11-26,Michael Curtiz,,
7,tt0110912,2005-12-29,2011-08-11,,Pulp Fiction,https://www.imdb.com/title/tt0110912/,movie,8.9,154,1994,"Crime, Drama",1521758,1994-05-21,Quentin Tarantino,,
8,tt0080684,2005-12-29,2011-08-11,,Star Wars: Episode V - The Empire Strikes Back,https://www.imdb.com/title/tt0080684/,movie,8.8,124,1980,"Action, Adventure, Fantasy, Sci-Fi",979245,1980-05-17,Irvin Kershner,,
9,tt0120737,2005-12-29,2011-08-11,,The Lord of the Rings: The Fellowship of the Ring,https://www.imdb.com/title/tt0120737/,movie,8.8,178,2001,"Adventure, Drama, Fantasy",1407683,2001-12-10,Peter Jackson,,
10,tt0167261,2005-12-29,2011-08-11,,The Lord of the Rings: The Two Towers,https://www.imdb.com/title/tt0167261/,movie,8.7,179,2002,"Adventure, Drama, Fantasy",1257202,2002-12-05,Peter Jackson,,
11,tt0114814,2005-12-29,2011-08-11,,The Usual Suspects,https://www.imdb.com/title/tt0114814/,movie,8.6,106,1995,"Crime, Mystery, Thriller",848537,1995-01-25,Bryan Singer,,
12,tt0082971,2005-12-29,2011-08-11,,Raiders of the Lost Ark,https://www.imdb.com/title/tt0082971/,movie,8.5,115,1981,"Action, Adventure",755749,1981-06-12,Steven Spielberg,,
13,tt0209144,2005-12-29,2011-08-11,,Memento,https://www.imdb.com/title/tt0209144/,movie,8.5,113,2000,"Mystery, Thriller",969036,2000-09-05,Christopher Nolan,,
14,tt0054215,2005-12-29,2011-08-11,,Psycho,https://www.imdb.com/title/tt0054215/,movie,8.5,109,1960,"Horror, Mystery, Thriller",494470,1960-06-16,Alfred Hitchcock,,
15,tt0211915,2005-12-29,2011-08-11,,Le fabuleux destin d'Amélie Poulain,https://www.imdb.com/title/tt0211915/,movie,8.3,122,2001,"Comedy, Romance",613362,2001-04-25,Jean-Pierre Jeunet,,
16,tt0102926,2005-12-29,2011-08-11,,The Silence of the Lambs,https://www.imdb.com/title/tt0102926/,movie,8.6,118,1991,"Crime, Drama, Thriller",1040679,1991-01-30,Jonathan Demme,,
17,tt0169547,2005-12-29,2011-08-11,,American Beauty,https://www.imdb.com/title/tt0169547/,movie,8.4,122,1999,Drama,936216,1999-09-08,Sam Mendes,,
18,tt0137523,2005-12-29,2011-08-11,,Fight Club,https://www.imdb.com/title/tt0137523/,movie,8.8,139,1999,Drama,1559731,1999-09-10,David Fincher,,
19,tt0133093,2005-12-29,2011-08-11,,The Matrix,https://www.imdb.com/title/tt0133093/,movie,8.7,136,1999,"Action, Sci-Fi",1398783,1999-03-24,"Lilly Wachowski, Lana Wachowski",,
20,tt0078788,2005-12-29,2011-08-11,,Apocalypse Now,https://www.imdb.com/title/tt0078788/,movie,8.5,147,1979,"Drama, War",513343,1979-05-19,Francis Ford Coppola,,
21,tt0114369,2005-12-29,2011-08-11,,Se7en,https://www.imdb.com/title/tt0114369/,movie,8.6,127,1995,"Crime, Drama, Mystery, Thriller",1188028,1995-09-15,David Fincher,,
22,tt0110413,2005-12-29,2011-08-11,,Léon,https://www.imdb.com/title/tt0110413/,movie,8.6,110,1994,"Crime, Drama, Thriller",849686,1994-09-14,Luc Besson,,
23,tt0395169,2005-12-29,2011-08-11,,Hotel Rwanda,https://www.imdb.com/title/tt0395169/,movie,8.1,121,2004,"Biography, Drama, History, War",298967,2004-09-11,Terry George,,
24,tt0363163,2005-12-29,2011-08-11,,Der Untergang,https://www.imdb.com/title/tt0363163/,movie,8.2,156,2004,"Biography, Drama, History, War",286840,2004-09-08,Oliver Hirschbiegel,,
25,tt0071853,2005-12-29,2011-08-11,,Monty Python and the Holy Grail,https://www.imdb.com/title/tt0071853/,movie,8.3,91,1975,"Adventure, Comedy, Fantasy",432586,1975-03-14,"Terry Jones, Terry Gilliam",,
26,tt0120586,2005-12-29,2011-08-11,,American History X,https://www.imdb.com/title/tt0120586/,movie,8.5,119,1998,"Crime, Drama",893430,1998-10-30,Tony Kaye,,
27,tt0078748,2005-12-29,2011-08-11,,Alien,https://www.imdb.com/title/tt0078748/,movie,8.5,116,1979,"Horror, Sci-Fi",665114,1979-05-25,Ridley Scott,,
28,tt0120815,2005-12-29,2011-08-11,,Saving Private Ryan,https://www.imdb.com/title/tt0120815/,movie,8.6,169,1998,"Drama, War",1025774,1998-07-21,Steven Spielberg,,
29,tt0105236,2005-12-29,2011-08-11,,Reservoir Dogs,https://www.imdb.com/title/tt0105236/,movie,8.3,99,1992,"Crime, Drama, Thriller",769573,1992-01-21,Quentin Tarantino,,
30,tt0118799,2005-12-29,2011-08-11,,La vita è bella,https://www.imdb.com/title/tt0118799/,movie,8.6,116,1997,"Comedy, Drama, War",505499,1997-12-20,Roberto Benigni,,
31,tt0401792,2005-12-29,2011-08-11,,Sin City,https://www.imdb.com/title/tt0401792/,movie,8.0,124,2005,"Crime, Thriller",698851,2005-03-28,"Frank Miller, Quentin Tarantino, Robert Rodriguez",7,2007-12-21
32,tt0081505,2005-12-29,2011-08-11,,The Shining,https://www.imdb.com/title/tt0081505/,movie,8.4,146,1980,"Drama, Horror",716826,1980-05-23,Stanley Kubrick,,
33,tt0090605,2005-12-29,2011-08-11,,Aliens,https://www.imdb.com/title/tt0090605/,movie,8.4,137,1986,"Action, Adventure, Sci-Fi, Thriller",564510,1986-07-14,James Cameron,,
34,tt0266697,2005-12-29,2011-08-11,,Kill Bill: Vol. 1,https://www.imdb.com/title/tt0266697/,movie,8.1,111,2003,"Action, Crime, Thriller",844313,2003-09-29,Quentin Tarantino,,
35,tt0062622,2005-12-29,2011-08-11,,2001: A Space Odyssey,https://www.imdb.com/title/tt0062622/,movie,8.3,149,1968,"Adventure, Sci-Fi",499987,1968-04-02,Stanley Kubrick,,
36,tt0032138,2005-12-29,2011-08-11,,The Wizard of Oz,https://www.imdb.com/title/tt0032138/,movie,8.0,102,1939,"Adventure, Family, Fantasy, Musical",332019,1939-08-12,"Mervyn LeRoy, Norman Taurog, King Vidor, George Cukor, Victor Fleming",,
37,tt0073195,2005-12-29,2011-08-11,,Jaws,https://www.imdb.com/title/tt0073195/,movie,8.0,124,1975,"Adventure, Drama, Thriller",477501,1975-06-20,Steven Spielberg,,
38,tt0112573,2005-12-29,2011-08-11,,Braveheart,https://www.imdb.com/title/tt0112573/,movie,8.4,178,1995,"Biography, Drama, History, War",841729,1995-05-18,Mel Gibson,,
39,tt0109830,2005-12-29,2011-08-11,,Forrest Gump,https://www.imdb.com/title/tt0109830/,movie,8.8,142,1994,"Drama, Romance",1476002,1994-06-23,Robert Zemeckis,,
40,tt0378194,2005-12-29,2011-08-11,,Kill Bill: Vol. 2,https://www.imdb.com/title/tt0378194/,movie,8.0,137,2004,"Action, Crime, Thriller",575141,2004-04-08,Quentin Tarantino,,
41,tt0083658,2005-12-29,2011-08-11,,Blade Runner,https://www.imdb.com/title/tt0083658/,movie,8.2,117,1982,"Sci-Fi, Thriller",581826,1982-06-25,Ridley Scott,,
42,tt0093058,2005-12-29,2011-08-11,,Full Metal Jacket,https://www.imdb.com/title/tt0093058/,movie,8.3,116,1987,"Drama, War",565963,1987-06-17,Stanley Kubrick,,
43,tt0103064,2005-12-29,2011-08-11,,Terminator 2: Judgment Day,https://www.imdb.com/title/tt0103064/,movie,8.5,137,1991,"Action, Sci-Fi",847892,1991-07-01,James Cameron,,
44,tt0372784,2005-12-29,2011-08-11,,Batman Begins,https://www.imdb.com/title/tt0372784/,movie,8.3,140,2005,"Action, Adventure",1119162,2005-05-31,Christopher Nolan,,
45,tt0167404,2005-12-29,2011-08-11,,The Sixth Sense,https://www.imdb.com/title/tt0167404/,movie,8.1,107,1999,"Drama, Mystery, Thriller",796687,1999-08-02,M. Night Shyamalan,,
46,tt0086190,2005-12-29,2011-08-11,,Star Wars: Episode VI - Return of the Jedi,https://www.imdb.com/title/tt0086190/,movie,8.3,131,1983,"Action, Adventure, Fantasy, Sci-Fi",805097,1983-05-25,Richard Marquand,,
47,tt0120689,2005-12-29,2011-08-11,,The Green Mile,https://www.imdb.com/title/tt0120689/,movie,8.5,189,1999,"Crime, Drama, Fantasy, Mystery",927191,1999-12-06,Frank Darabont,,
48,tt0130827,2005-12-29,2011-08-11,,Lola rennt,https://www.imdb.com/title/tt0130827/,movie,7.7,81,1998,"Crime, Drama, Thriller",172922,1998-08-20,Tom Tykwer,,
49,tt0097576,2005-12-29,2011-08-11,,Indiana Jones and the Last Crusade,https://www.imdb.com/title/tt0097576/,movie,8.3,127,1989,"Action, Adventure, Fantasy",592436,1989-05-24,Steven Spielberg,,
50,tt0079470,2005-12-29,2011-08-11,,Life of Brian,https://www.imdb.com/title/tt0079470/,movie,8.1,94,1979,Comedy,311111,1979-08-17,Terry Jones,,
51,tt0091763,2005-12-29,2011-08-11,,Platoon,https://www.imdb.com/title/tt0091763/,movie,8.1,120,1986,"Drama, War",332250,1986-12-19,Oliver Stone,,
52,tt0172495,2005-12-29,2011-08-11,,Gladiator,https://www.imdb.com/title/tt0172495/,movie,8.5,155,2000,"Action, Adventure, Drama",1127771,2000-05-01,Ridley Scott,,
53,tt0095016,2005-12-29,2011-08-11,,Die Hard,https://www.imdb.com/title/tt0095016/,movie,8.2,132,1988,"Action, Thriller",675819,1988-07-12,John McTiernan,,
54,tt0126029,2005-12-29,2011-08-11,,Shrek,https://www.imdb.com/title/tt0126029/,movie,7.9,90,2001,"Animation, Adventure, Comedy, Family, Fantasy",523834,2001-04-22,"Vicky Jenson, Andrew Adamson",,
55,tt0117951,2005-12-29,2011-08-11,,Trainspotting,https://www.imdb.com/title/tt0117951/,movie,8.2,94,1996,Drama,555504,1996-02-23,Danny Boyle,,
56,tt0114709,2005-12-29,2011-08-11,,Toy Story,https://www.imdb.com/title/tt0114709/,movie,8.3,81,1995,"Animation, Adventure, Comedy, Family, Fantasy",730633,1995-11-19,John Lasseter,,
57,tt0114746,2005-12-29,2011-08-11,,Twelve Monkeys,https://www.imdb.com/title/tt0114746/,movie,8.0,129,1995,"Mystery, Sci-Fi, Thriller",519723,1995-12-08,Terry Gilliam,,
58,tt0118715,2005-12-29,2011-08-11,,The Big Lebowski,https://www.imdb.com/title/tt0118715/,movie,8.1,117,1998,"Comedy, Crime",619498,1998-02-15,"Ethan Coen, Joel Coen",,
59,tt0208092,2005-12-29,2011-08-11,,Snatch,https://www.imdb.com/title/tt0208092/,movie,8.3,104,2000,"Comedy, Crime",680197,2000-08-23,Guy Ritchie,,
60,tt0088247,2005-12-29,2011-08-11,,The Terminator,https://www.imdb.com/title/tt0088247/,movie,8.0,107,1984,"Action, Sci-Fi",684943,1984-10-26,James Cameron,,
61,tt0335266,2005-12-29,2011-08-11,,Lost in Translation,https://www.imdb.com/title/tt0335266/,movie,7.8,102,2003,Drama,355821,2003-08-29,Sofia Coppola,,
62,tt0166924,2005-12-29,2011-08-11,,Mulholland Dr.,https://www.imdb.com/title/tt0166924/,movie,8.0,147,2001,"Drama, Mystery, Thriller",273344,2001-05-16,David Lynch,,
63,tt0325980,2005-12-29,2011-08-11,,Pirates of the Caribbean: The Curse of the Black Pearl,https://www.imdb.com/title/tt0325980/,movie,8.0,143,2003,"Action, Adventure, Fantasy",914132,2003-06-28,Gore Verbinski,,
64,tt0086250,2005-12-29,2011-08-11,,Scarface,https://www.imdb.com/title/tt0086250/,movie,8.3,170,1983,"Crime, Drama",619464,1983-12-01,Brian De Palma,8,2007-12-21
65,tt0088258,2005-12-29,2011-08-11,,This Is Spinal Tap,https://www.imdb.com/title/tt0088258/,movie,8.0,82,1984,"Comedy, Music",114921,1984-03-02,Rob Reiner,,
66,tt0096895,2005-12-29,2011-08-11,,Batman,https://www.imdb.com/title/tt0096895/,movie,7.6,126,1989,"Action, Adventure",297605,1989-06-19,Tim Burton,8,2017-01-16
67,tt0103776,2005-12-29,2011-08-11,,Batman Returns,https://www.imdb.com/title/tt0103776/,movie,7.0,126,1992,"Action, Crime, Fantasy",239625,1992-06-16,Tim Burton,7,2017-01-16
68,tt0112462,2005-12-29,2011-08-11,,Batman Forever,https://www.imdb.com/title/tt0112462/,movie,5.4,121,1995,"Action, Adventure, Fantasy",209925,1995-06-09,Joel Schumacher,4,2017-01-16
69,tt0118688,2005-12-29,2011-08-11,,Batman & Robin,https://www.imdb.com/title/tt0118688/,movie,3.7,125,1997,"Action, Sci-Fi",207669,1997-06-12,Joel Schumacher,,
70,tt0327554,2005-12-29,2011-08-11,,Catwoman,https://www.imdb.com/title/tt0327554/,movie,3.3,104,2004,"Action, Crime, Fantasy",95898,2004-07-19,Pitof,,
71,tt0364343,2005-12-29,2011-08-11,,The Final Cut,https://www.imdb.com/title/tt0364343/,movie,6.2,95,2004,"Drama, Sci-Fi, Thriller",28647,2004-02-11,Omar Naim,,
72,tt0350258,2005-12-29,2011-08-11,,Ray,https://www.imdb.com/title/tt0350258/,movie,7.7,152,2004,"Biography, Drama, Music",121647,2004-09-12,Taylor Hackford,,
73,tt0110632,2005-12-29,2011-08-11,,Natural Born Killers,https://www.imdb.com/title/tt0110632/,movie,7.3,118,1994,"Crime, Drama",190959,1994-08-26,Oliver Stone,,
74,tt0301429,2005-12-29,2011-08-11,,Hwasango,https://www.imdb.com/title/tt0301429/,movie,6.1,120,2001,"Action, Comedy, Fantasy",3178,2001-12-05,Tae-gyun Kim,,
75,tt0266308,2005-12-29,2011-08-11,,Batoru rowaiaru,https://www.imdb.com/title/tt0266308/,movie,7.7,114,2000,"Adventure, Drama, Sci-Fi, Thriller",152024,2000-10-31,Kinji Fukasaku,,
76,tt0338763,2005-12-29,2011-08-11,,Batoru rowaiaru II: Chinkonka,https://www.imdb.com/title/tt0338763/,movie,4.7,134,2003,"Action, Drama, Thriller, War",17704,2003-07-05,"Kinji Fukasaku, Kenta Fukasaku",,
77,tt0178868,2005-12-29,2011-08-11,,Ringu,https://www.imdb.com/title/tt0178868/,movie,7.3,96,1998,"Horror, Mystery",55720,1998-01-31,Hideo Nakata,,
78,tt0374345,2005-12-29,2011-08-11,,De zaak Alzheimer,https://www.imdb.com/title/tt0374345/,movie,7.4,123,2003,"Action, Crime, Drama, Thriller",8750,2003-10-07,Erik Van Looy,,
79,tt0104046,2005-12-29,2011-08-11,,Daens,https://www.imdb.com/title/tt0104046/,movie,7.6,138,1992,"Biography, Drama, History",3395,1992-09-30,Stijn Coninx,,
80,tt0320661,2005-12-29,2011-08-11,,Kingdom of Heaven,https://www.imdb.com/title/tt0320661/,movie,7.2,144,2005,"Action, Adventure, Drama, History, War",239290,2005-05-02,Ridley Scott,7,2005-12-26
81,tt0265086,2005-12-29,2011-08-11,,Black Hawk Down,https://www.imdb.com/title/tt0265086/,movie,7.7,144,2001,"Drama, History, War",323010,2001-12-18,Ridley Scott,8,2006-05-13
82,tt0373926,2005-12-29,2011-08-11,,The Interpreter,https://www.imdb.com/title/tt0373926/,movie,6.4,128,2005,"Crime, Mystery, Thriller",90786,2005-04-04,Sydney Pollack,,
83,tt0311429,2005-12-29,2011-08-11,,The League of Extraordinary Gentlemen,https://www.imdb.com/title/tt0311429/,movie,5.8,110,2003,"Action, Adventure, Fantasy, Sci-Fi",151747,2003-07-11,Stephen Norrington,,
84,tt0338751,2005-12-29,2011-08-11,,The Aviator,https://www.imdb.com/title/tt0338751/,movie,7.5,170,2004,"Biography, Drama, History",292620,2004-12-14,Martin Scorsese,,
85,tt0319262,2005-12-29,2011-08-11,,The Day After Tomorrow,https://www.imdb.com/title/tt0319262/,movie,6.4,124,2004,"Action, Adventure, Sci-Fi, Thriller",366611,2004-05-17,Roland Emmerich,,
86,tt0268978,2005-12-29,2011-08-11,,A Beautiful Mind,https://www.imdb.com/title/tt0268978/,movie,8.2,135,2001,"Biography, Drama",716761,2001-12-13,Ron Howard,,
87,tt0385002,2005-12-29,2011-08-11,,Hooligans,https://www.imdb.com/title/tt0385002/,movie,7.5,109,2005,"Crime, Drama, Sport",129027,2005-03-12,Lexi Alexander,,
88,tt0118655,2005-12-29,2011-08-11,,Austin Powers: International Man of Mystery,https://www.imdb.com/title/tt0118655/,movie,7.0,94,1997,"Adventure, Comedy",197802,1997-05-02,Jay Roach,,
89,tt0145660,2005-12-29,2011-08-11,,Austin Powers: The Spy Who Shagged Me,https://www.imdb.com/title/tt0145660/,movie,6.6,95,1999,"Action, Adventure, Comedy, Crime",195459,1999-06-08,Jay Roach,,
90,tt0295178,2005-12-29,2011-08-11,,Austin Powers in Goldmember,https://www.imdb.com/title/tt0295178/,movie,6.2,94,2002,"Action, Adventure, Comedy, Crime",176001,2002-07-22,Jay Roach,,
91,tt0105793,2005-12-29,2011-08-11,,Wayne's World,https://www.imdb.com/title/tt0105793/,movie,7.0,94,1992,"Comedy, Music",125735,1992-02-14,Penelope Spheeris,,
92,tt0108525,2005-12-29,2011-08-11,,Wayne's World 2,https://www.imdb.com/title/tt0108525/,movie,6.1,95,1993,"Comedy, Music",68084,1993-12-10,Stephen Surjik,,
93,tt0425123,2005-12-29,2011-08-11,,Just Like Heaven,https://www.imdb.com/title/tt0425123/,movie,6.7,95,2005,"Comedy, Fantasy, Romance",89444,2005-09-16,Mark Waters,5,2005-12-02
94,tt0388125,2005-12-29,2011-08-11,,In Her Shoes,https://www.imdb.com/title/tt0388125/,movie,6.5,130,2005,"Comedy, Drama, Romance",55199,2005-09-14,Curtis Hanson,,
95,tt0119396,2005-12-29,2011-08-11,,Jackie Brown,https://www.imdb.com/title/tt0119396/,movie,7.5,154,1997,"Crime, Drama, Thriller",266143,1997-12-08,Quentin Tarantino,,
96,tt0234215,2005-12-29,2011-08-11,,The Matrix Reloaded,https://www.imdb.com/title/tt0234215/,movie,7.2,138,2003,"Action, Sci-Fi",457228,2003-05-07,"Lilly Wachowski, Lana Wachowski",,
97,tt0242653,2005-12-29,2011-08-11,,The Matrix Revolutions,https://www.imdb.com/title/tt0242653/,movie,6.7,129,2003,"Action, Sci-Fi",396629,2003-10-27,"Lilly Wachowski, Lana Wachowski",,
98,tt0120662,2005-12-29,2011-08-11,,Eye of the Beholder,https://www.imdb.com/title/tt0120662/,movie,4.9,109,1999,"Drama, Mystery, Thriller",13809,1999-08-28,Stephan Elliott,7,2006-03-22
99,tt0114508,2005-12-29,2011-08-11,,Species,https://www.imdb.com/title/tt0114508/,movie,5.8,108,1995,"Action, Horror, Sci-Fi, Thriller",66149,1995-07-07,Roger Donaldson,,
100,tt0103772,2005-12-29,2011-08-11,,Basic Instinct,https://www.imdb.com/title/tt0103772/,movie,6.9,127,1992,"Drama, Mystery, Thriller",148378,1992-03-20,Paul Verhoeven,7,2006-05-15
101,tt0112864,2005-12-29,2011-08-11,,Die Hard with a Vengeance,https://www.imdb.com/title/tt0112864/,movie,7.6,128,1995,"Action, Adventure, Thriller",325819,1995-05-15,John McTiernan,,
102,tt0099423,2005-12-29,2011-08-11,,Die Hard 2,https://www.imdb.com/title/tt0099423/,movie,7.1,124,1990,"Action, Thriller",297261,1990-07-02,Renny Harlin,,
103,tt0120681,2005-12-29,2011-08-11,,From Hell,https://www.imdb.com/title/tt0120681/,movie,6.8,122,2001,"Horror, Mystery, Thriller",134585,2001-09-08,"Allen Hughes, Albert Hughes",,
104,tt0104815,2005-12-29,2011-08-11,,El mariachi,https://www.imdb.com/title/tt0104815/,movie,6.9,81,1992,"Action, Crime, Thriller",56545,1992-09-04,Robert Rodriguez,,
105,tt0285823,2005-12-29,2011-08-11,,Once Upon a Time in Mexico,https://www.imdb.com/title/tt0285823/,movie,6.4,102,2003,"Action, Thriller",139968,2003-08-27,Robert Rodriguez,,
106,tt0112851,2005-12-29,2011-08-11,,Desperado,https://www.imdb.com/title/tt0112851/,movie,7.2,104,1995,"Action, Thriller",152025,1995-05-31,Robert Rodriguez,,
107,tt0103644,2005-12-29,2011-08-11,,Alien³,https://www.imdb.com/title/tt0103644/,movie,6.4,114,1992,"Action, Horror, Sci-Fi",240085,1992-05-19,David Fincher,,
108,tt0093773,2005-12-29,2011-08-11,,Predator,https://www.imdb.com/title/tt0093773/,movie,7.8,107,1987,"Action, Sci-Fi, Thriller",322642,1987-06-12,John McTiernan,,
109,tt0370263,2005-12-29,2011-08-11,,AVP: Alien vs. Predator,https://www.imdb.com/title/tt0370263/,movie,5.6,101,2004,"Action, Horror, Sci-Fi, Thriller",162230,2004-08-12,Paul W.S. Anderson,,
110,tt0180093,2005-12-29,2011-08-11,,Requiem for a Dream,https://www.imdb.com/title/tt0180093/,movie,8.3,102,2000,Drama,658767,2000-05-14,Darren Aronofsky,,
111,tt0094012,2005-12-29,2011-08-11,,Spaceballs,https://www.imdb.com/title/tt0094012/,movie,7.1,96,1987,"Adventure, Comedy, Sci-Fi",151048,1987-06-24,Mel Brooks,,
112,tt0108399,2005-12-29,2011-08-11,,True Romance,https://www.imdb.com/title/tt0108399/,movie,7.9,119,1993,"Crime, Drama, Romance, Thriller",179497,1993-09-08,Tony Scott,,
113,tt0272152,2005-12-29,2011-08-11,,K-PAX,https://www.imdb.com/title/tt0272152/,movie,7.4,120,2001,"Drama, Sci-Fi",162003,2001-10-22,Iain Softley,,
114,tt0368008,2005-12-29,2011-08-11,,The Manchurian Candidate,https://www.imdb.com/title/tt0368008/,movie,6.6,129,2004,"Drama, Mystery, Sci-Fi, Thriller",93403,2004-07-19,Jonathan Demme,,
115,tt0120338,2005-12-29,2011-08-11,,Titanic,https://www.imdb.com/title/tt0120338/,movie,7.8,194,1997,"Drama, Romance",891457,1997-11-01,James Cameron,9,2009-07-02
116,tt0066434,2005-12-29,2011-08-11,,THX 1138,https://www.imdb.com/title/tt0066434/,movie,6.8,86,1971,"Drama, Sci-Fi, Thriller",42823,1971-03-11,George Lucas,,
117,tt0120755,2005-12-29,2011-08-11,,Mission: Impossible II,https://www.imdb.com/title/tt0120755/,movie,6.1,123,2000,"Action, Adventure, Thriller",267837,2000-05-18,John Woo,,
118,tt0117060,2005-12-29,2011-08-11,,Mission: Impossible,https://www.imdb.com/title/tt0117060/,movie,7.1,110,1996,"Action, Adventure, Thriller",332525,1996-05-20,Brian De Palma,,
119,tt0088847,2005-12-29,2011-08-11,,The Breakfast Club,https://www.imdb.com/title/tt0088847/,movie,7.9,97,1985,"Comedy, Drama",295645,1985-02-07,John Hughes,,
120,tt0074285,2005-12-29,2011-08-11,,Carrie,https://www.imdb.com/title/tt0074285/,movie,7.4,98,1976,Horror,141690,1976-11-03,Brian De Palma,,
121,tt0356910,2005-12-29,2011-08-11,,Mr. & Mrs. Smith,https://www.imdb.com/title/tt0356910/,movie,6.5,120,2005,"Action, Comedy, Crime, Romance, Thriller",392548,2005-06-07,Doug Liman,,
122,tt0146316,2005-12-29,2011-08-11,,Lara Croft: Tomb Raider,https://www.imdb.com/title/tt0146316/,movie,5.8,100,2001,"Action, Adventure, Fantasy, Thriller",175568,2001-06-11,Simon West,,
123,tt0325703,2005-12-29,2011-08-11,,Lara Croft Tomb Raider: The Cradle of Life,https://www.imdb.com/title/tt0325703/,movie,5.5,117,2003,"Action, Adventure, Fantasy",114936,2003-07-21,Jan de Bont,,
124,tt0100405,2005-12-29,2011-08-11,,Pretty Woman,https://www.imdb.com/title/tt0100405/,movie,7.0,119,1990,"Comedy, Romance",242278,1990-03-23,Garry Marshall,,
125,tt0257076,2005-12-29,2011-08-11,,S.W.A.T.,https://www.imdb.com/title/tt0257076/,movie,6.0,117,2003,"Action, Adventure, Crime, Thriller",127588,2003-08-08,Clark Johnson,,
126,tt0232500,2005-12-29,2011-08-11,,The Fast and the Furious,https://www.imdb.com/title/tt0232500/,movie,6.7,106,2001,"Action, Crime, Thriller",304085,2001-06-18,"Rob Cohen, Mel City",,
127,tt0322259,2005-12-29,2011-08-11,,2 Fast 2 Furious,https://www.imdb.com/title/tt0322259/,movie,5.9,107,2003,"Action, Crime, Thriller",217956,2003-06-03,John Singleton,,
128,tt0094226,2005-12-29,2011-08-11,,The Untouchables,https://www.imdb.com/title/tt0094226/,movie,7.9,119,1987,"Crime, Drama, Thriller",241116,1987-06-02,Brian De Palma,,
129,tt0114898,2005-12-29,2011-08-11,,Waterworld,https://www.imdb.com/title/tt0114898/,movie,6.1,135,1995,"Action, Adventure, Sci-Fi, Thriller",158352,1995-07-28,Kevin Reynolds,,
130,tt0101393,2005-12-29,2011-08-11,,Backdraft,https://www.imdb.com/title/tt0101393/,movie,6.7,137,1991,"Action, Crime, Drama, Mystery, Thriller",63246,1991-05-24,Ron Howard,,
131,tt0112384,2005-12-29,2011-08-11,,Apollo 13,https://www.imdb.com/title/tt0112384/,movie,7.6,140,1995,"Adventure, Drama, History",232055,1995-06-22,Ron Howard,,
132,tt0362227,2005-12-29,2011-08-11,,The Terminal,https://www.imdb.com/title/tt0362227/,movie,7.3,128,2004,"Comedy, Drama, Romance",343460,2004-06-09,Steven Spielberg,,
133,tt0407304,2005-12-29,2011-08-11,,War of the Worlds,https://www.imdb.com/title/tt0407304/,movie,6.5,116,2005,"Adventure, Sci-Fi, Thriller",368198,2005-06-13,Steven Spielberg,,
134,tt0120663,2005-12-29,2011-08-11,,Eyes Wide Shut,https://www.imdb.com/title/tt0120663/,movie,7.4,159,1999,"Drama, Mystery, Thriller",256020,1999-07-13,Stanley Kubrick,,
135,tt0112792,2005-12-29,2011-08-11,,Dangerous Minds,https://www.imdb.com/title/tt0112792/,movie,6.4,99,1995,"Biography, Drama",42198,1995-08-11,John N. Smith,,
136,tt0117247,2005-12-29,2011-08-11,,One Fine Day,https://www.imdb.com/title/tt0117247/,movie,6.5,108,1996,"Comedy, Drama, Romance",38992,1996-12-20,Michael Hoffman,,
137,tt0240772,2005-12-29,2011-08-11,,Ocean's Eleven,https://www.imdb.com/title/tt0240772/,movie,7.8,116,2001,"Crime, Thriller",448047,2001-12-05,Steven Soderbergh,,
138,tt0349903,2005-12-29,2011-08-11,,Ocean's Twelve,https://www.imdb.com/title/tt0349903/,movie,6.5,125,2004,"Crime, Thriller",314408,2004-12-08,Steven Soderbergh,,
139,tt0298203,2005-12-29,2011-08-11,,8 Mile,https://www.imdb.com/title/tt0298203/,movie,7.1,110,2002,"Drama, Music",213670,2002-09-08,Curtis Hanson,,
140,tt0110997,2005-12-29,2011-08-11,,The River Wild,https://www.imdb.com/title/tt0110997/,movie,6.3,111,1994,"Adventure, Crime, Thriller",36256,1994-09-30,Curtis Hanson,,
141,tt0280486,2005-12-29,2011-08-11,,Bad Company,https://www.imdb.com/title/tt0280486/,movie,5.6,116,2002,"Action, Adventure, Comedy, Thriller",41996,2002-04-26,Joel Schumacher,,
142,tt0112443,2005-12-29,2011-08-11,,Bad Company,https://www.imdb.com/title/tt0112443/,movie,5.4,108,1995,"Crime, Drama, Thriller",2449,1995-01-20,Damian Harris,,
143,tt0106965,2005-12-29,2011-08-11,,Free Willy,https://www.imdb.com/title/tt0106965/,movie,5.9,112,1993,"Adventure, Drama, Family",58385,1993-07-16,Simon Wincer,,
144,tt0113114,2005-12-29,2011-08-11,,Free Willy 2: The Adventure Home,https://www.imdb.com/title/tt0113114/,movie,4.9,95,1995,"Adventure, Drama, Family",14460,1995-07-19,Dwight H. Little,,
145,tt0083866,2005-12-29,2011-08-11,,E.T. the Extra-Terrestrial,https://www.imdb.com/title/tt0083866/,movie,7.9,115,1982,"Family, Sci-Fi",317307,1982-05-26,Steven Spielberg,,
146,tt0102057,2005-12-29,2011-08-11,,Hook,https://www.imdb.com/title/tt0102057/,movie,6.7,142,1991,"Adventure, Comedy, Family, Fantasy",202694,1991-12-08,Steven Spielberg,,
147,tt0119345,2005-12-29,2011-08-11,,I Know What You Did Last Summer,https://www.imdb.com/title/tt0119345/,movie,5.7,101,1997,"Horror, Mystery, Thriller",116464,1997-10-17,Jim Gillespie,,
148,tt0130018,2005-12-29,2011-08-11,,I Still Know What You Did Last Summer,https://www.imdb.com/title/tt0130018/,movie,4.6,100,1998,"Horror, Mystery",60527,1998-11-13,Danny Cannon,,
149,tt0175142,2005-12-29,2011-08-11,,Scary Movie,https://www.imdb.com/title/tt0175142/,movie,6.2,88,2000,Comedy,204942,2000-07-07,Keenen Ivory Wayans,,
150,tt0117571,2005-12-29,2011-08-11,,Scream,https://www.imdb.com/title/tt0117571/,movie,7.2,111,1996,"Horror, Mystery",246224,1996-12-18,Wes Craven,,
151,tt0120082,2005-12-29,2011-08-11,,Scream 2,https://www.imdb.com/title/tt0120082/,movie,6.1,120,1997,"Horror, Mystery",136895,1997-12-10,Wes Craven,,
152,tt0134084,2005-12-29,2011-08-11,,Scream 3,https://www.imdb.com/title/tt0134084/,movie,5.5,116,2000,"Horror, Mystery",108284,2000-02-03,Wes Craven,,
153,tt0056197,2005-12-29,2011-08-11,,The Longest Day,https://www.imdb.com/title/tt0056197/,movie,7.8,178,1962,"Action, Drama, History, War",46945,1962-09-25,"Andrew Marton, Ken Annakin, Darryl F. Zanuck, Gerd Oswald, Bernhard Wicki",,
154,tt0116581,2005-12-29,2011-08-11,,Le huitième jour,https://www.imdb.com/title/tt0116581/,movie,7.6,118,1996,"Comedy, Drama",8006,1996-05-22,Jaco Van Dormael,,
155,tt0280665,2005-12-29,2011-08-11,,Femme Fatale,https://www.imdb.com/title/tt0280665/,movie,6.3,114,2002,"Crime, Drama, Mystery, Thriller",30591,2002-04-30,Brian De Palma,,
156,tt0231846,2005-12-29,2011-08-11,,Kaas,https://www.imdb.com/title/tt0231846/,movie,6.6,,1999,,121,,Orlow Seunke,,
157,tt0397065,2005-12-29,2011-08-11,,House of Wax,https://www.imdb.com/title/tt0397065/,movie,5.3,108,2005,"Horror, Mystery, Thriller",102994,2005-04-26,Jaume Collet-Serra,,
158,tt0093409,2005-12-29,2011-08-11,,Lethal Weapon,https://www.imdb.com/title/tt0093409/,movie,7.6,110,1987,"Action, Crime, Thriller",210196,1987-03-06,Richard Donner,,
159,tt0097733,2005-12-29,2011-08-11,,Lethal Weapon 2,https://www.imdb.com/title/tt0097733/,movie,7.2,114,1989,"Action, Crime, Thriller",141840,1989-07-05,Richard Donner,,
160,tt0122151,2005-12-29,2011-08-11,,Lethal Weapon 4,https://www.imdb.com/title/tt0122151/,movie,6.6,127,1998,"Action, Crime, Thriller",138175,1998-07-07,Richard Donner,,
161,tt0104714,2005-12-29,2011-08-11,,Lethal Weapon 3,https://www.imdb.com/title/tt0104714/,movie,6.7,118,1992,"Action, Crime, Thriller",139792,1992-05-11,Richard Donner,,
162,tt0095705,2005-12-29,2011-08-11,,The Naked Gun: From the Files of Police Squad!,https://www.imdb.com/title/tt0095705/,movie,7.6,85,1988,"Comedy, Crime",128788,1988-12-02,David Zucker,,
163,tt0102510,2005-12-29,2011-08-11,,The Naked Gun 2½: The Smell of Fear,https://www.imdb.com/title/tt0102510/,movie,6.9,85,1991,"Comedy, Crime",91734,1991-06-28,David Zucker,,
164,tt0110622,2005-12-29,2011-08-11,,Naked Gun 33 1/3: The Final Insult,https://www.imdb.com/title/tt0110622/,movie,6.5,83,1994,"Comedy, Crime",84796,1994-03-18,Peter Segal,,
165,tt0120577,2005-12-29,2011-08-11,,54,https://www.imdb.com/title/tt0120577/,movie,5.8,93,1998,"Drama, Music",29390,1998-08-24,Mark Christopher,,
166,tt0120660,2005-12-29,2011-08-11,,Enemy of the State,https://www.imdb.com/title/tt0120660/,movie,7.3,132,1998,"Action, Crime, Mystery, Thriller",204827,1998-11-18,Tony Scott,,
167,tt0119654,2005-12-29,2011-08-11,,Men in Black,https://www.imdb.com/title/tt0119654/,movie,7.3,98,1997,"Adventure, Comedy, Family, Mystery, Sci-Fi",449922,1997-07-02,Barry Sonnenfeld,,
168,tt0119116,2005-12-29,2011-08-11,,Le cinquième élément,https://www.imdb.com/title/tt0119116/,movie,7.7,126,1997,"Action, Adventure, Sci-Fi",381683,1997-05-07,Luc Besson,,
169,tt0267129,2005-12-29,2011-08-11,,Yamakasi - Les samouraïs des temps modernes,https://www.imdb.com/title/tt0267129/,movie,6.1,90,2001,"Action, Drama, Crime",9724,2001-04-04,"Ariel Zeitoun, Julien Seri",,
170,tt0113247,2005-12-29,2011-08-11,,La haine,https://www.imdb.com/title/tt0113247/,movie,8.1,98,1995,"Crime, Drama",123655,1995-05-27,Mathieu Kassovitz,,
171,tt0120903,2005-12-29,2011-08-11,,X-Men,https://www.imdb.com/title/tt0120903/,movie,7.4,104,2000,"Action, Adventure, Sci-Fi",507009,2000-07-12,Bryan Singer,,
172,tt0290334,2005-12-29,2011-08-11,,X2,https://www.imdb.com/title/tt0290334/,movie,7.5,134,2003,"Action, Adventure, Fantasy, Sci-Fi, Thriller",454470,2003-04-24,Bryan Singer,6,2006-05-29
173,tt0078346,2005-12-29,2011-08-11,,Superman,https://www.imdb.com/title/tt0078346/,movie,7.3,143,1978,"Action, Adventure, Drama, Sci-Fi",140241,1978-12-10,Richard Donner,,
174,tt0145487,2005-12-29,2011-08-11,,Spider-Man,https://www.imdb.com/title/tt0145487/,movie,7.3,121,2002,"Action, Adventure, Sci-Fi",604354,2002-04-30,Sam Raimi,,
175,tt0316654,2005-12-29,2011-08-11,,Spider-Man 2,https://www.imdb.com/title/tt0316654/,movie,7.3,127,2004,"Action, Adventure, Sci-Fi",467494,2004-06-25,Sam Raimi,,
176,tt0159097,2005-12-29,2011-08-11,,The Virgin Suicides,https://www.imdb.com/title/tt0159097/,movie,7.2,97,1999,"Drama, Romance",128637,1999-05-19,Sofia Coppola,7,2008-01-21
177,tt0102798,2005-12-29,2011-08-11,,Robin Hood: Prince of Thieves,https://www.imdb.com/title/tt0102798/,movie,6.9,143,1991,"Action, Adventure, Drama, Romance",158329,1991-06-14,Kevin Reynolds,,
178,tt0107977,2005-12-29,2011-08-11,,Robin Hood: Men in Tights,https://www.imdb.com/title/tt0107977/,movie,6.7,104,1993,"Adventure, Comedy, Musical, Romance",101186,1993-07-28,Mel Brooks,,
179,tt0335345,2005-12-29,2011-08-11,,The Passion of the Christ,https://www.imdb.com/title/tt0335345/,movie,7.2,127,2004,Drama,193930,2004-02-25,Mel Gibson,,
180,tt0266915,2005-12-29,2011-08-11,,Rush Hour 2,https://www.imdb.com/title/tt0266915/,movie,6.6,90,2001,"Action, Comedy, Crime, Thriller",176181,2001-07-26,Brett Ratner,,
181,tt0120746,2005-12-29,2011-08-11,,The Mask of Zorro,https://www.imdb.com/title/tt0120746/,movie,6.7,136,1998,"Action, Adventure, Comedy, Romance, Thriller, Western",149108,1998-07-17,Martin Campbell,,
182,tt0265029,2005-12-29,2011-08-11,,America's Sweethearts,https://www.imdb.com/title/tt0265029/,movie,5.7,102,2001,"Comedy, Romance",50604,2001-07-17,Joe Roth,,
183,tt0137494,2005-12-29,2011-08-11,,Entrapment,https://www.imdb.com/title/tt0137494/,movie,6.3,113,1999,"Action, Crime, Romance, Thriller",96180,1999-04-15,Jon Amiel,,
184,tt0119174,2005-12-29,2011-08-11,,The Game,https://www.imdb.com/title/tt0119174/,movie,7.8,129,1997,"Drama, Mystery, Thriller",295541,1997-09-03,David Fincher,,
185,tt0108162,2005-12-29,2011-08-11,,Sliver,https://www.imdb.com/title/tt0108162/,movie,4.9,107,1993,"Drama, Thriller",25109,1993-05-21,Phillip Noyce,,
186,tt0107362,2005-12-29,2011-08-11,,Last Action Hero,https://www.imdb.com/title/tt0107362/,movie,6.3,130,1993,"Action, Adventure, Comedy, Fantasy",117930,1993-06-13,John McTiernan,,
187,tt0114214,2005-12-29,2011-08-11,,The Quick and the Dead,https://www.imdb.com/title/tt0114214/,movie,6.4,107,1995,"Action, Romance, Thriller, Western",74861,1995-02-10,Sam Raimi,,
188,tt0111255,2005-12-29,2011-08-11,,The Specialist,https://www.imdb.com/title/tt0111255/,movie,5.5,110,1994,"Action, Crime, Drama, Romance, Thriller",55435,1994-10-07,Luis Llosa,,
189,tt0218922,2005-12-29,2011-08-11,,Original Sin,https://www.imdb.com/title/tt0218922/,movie,6.0,116,2001,"Drama, Mystery, Romance, Thriller",48563,2001-07-11,Michael Cristofer,,
190,tt0120657,2005-12-29,2011-08-11,,The 13th Warrior,https://www.imdb.com/title/tt0120657/,movie,6.6,102,1999,"Action, Adventure, History",107367,1999-06-25,"Michael Crichton, John McTiernan",,
191,tt0112401,2005-12-29,2011-08-11,,Assassins,https://www.imdb.com/title/tt0112401/,movie,6.3,132,1995,"Action, Crime, Thriller",69194,1995-10-06,Richard Donner,,
192,tt0110475,2005-12-29,2011-08-11,,The Mask,https://www.imdb.com/title/tt0110475/,movie,6.9,101,1994,"Comedy, Fantasy",296069,1994-07-28,Chuck Russell,,
193,tt0160184,2005-12-29,2011-08-11,,D-Tox,https://www.imdb.com/title/tt0160184/,movie,5.3,96,2002,"Crime, Horror, Mystery, Thriller",21258,2002-01-04,Jim Gillespie,,
194,tt0118887,2005-12-29,2011-08-11,,Cop Land,https://www.imdb.com/title/tt0118887/,movie,6.9,105,1997,"Crime, Drama, Thriller",75918,1997-08-06,James Mangold,,
195,tt0049833,2005-12-29,2011-08-11,,The Ten Commandments,https://www.imdb.com/title/tt0049833/,movie,7.9,220,1956,"Adventure, Drama",54358,1956-10-05,Cecil B. DeMille,,
196,tt0117318,2005-12-29,2011-08-11,,The People vs. Larry Flynt,https://www.imdb.com/title/tt0117318/,movie,7.3,129,1996,"Biography, Drama",78244,1996-10-13,Milos Forman,,
197,tt0257044,2005-12-29,2011-08-11,,Road to Perdition,https://www.imdb.com/title/tt0257044/,movie,7.7,117,2002,"Crime, Drama, Thriller",219222,2002-07-12,Sam Mendes,,
198,tt0116367,2005-12-29,2011-08-11,,From Dusk Till Dawn,https://www.imdb.com/title/tt0116367/,movie,7.3,108,1996,"Action, Crime, Horror",244901,1996-01-19,Robert Rodriguez,,
199,tt0114420,2005-12-29,2011-08-11,,She Good Fighter,https://www.imdb.com/title/tt0114420/,movie,5.2,85,1995,"Action, Crime, Drama, Romance",273,1995-12-31,Mark Punt,,
200,tt0131278,2005-12-29,2011-08-11,,Alles moet weg,https://www.imdb.com/title/tt0131278/,movie,7.0,105,1996,"Comedy, Drama",538,1996-12-04,Jan Verheyen,,
201,tt0059742,2005-12-29,2011-08-11,,The Sound of Music,https://www.imdb.com/title/tt0059742/,movie,8.0,172,1965,"Biography, Drama, Family, Musical, Romance",168870,1965-03-02,Robert Wise,,
202,tt0083564,2005-12-29,2011-08-11,,Annie,https://www.imdb.com/title/tt0083564/,movie,6.5,126,1982,"Comedy, Drama, Family, Musical",34422,1982-05-17,John Huston,,
203,tt0118880,2005-12-29,2011-08-11,,Con Air,https://www.imdb.com/title/tt0118880/,movie,6.8,115,1997,"Action, Crime, Thriller",245391,1997-06-02,Simon West,,
204,tt0134273,2005-12-29,2011-08-11,,8MM,https://www.imdb.com/title/tt0134273/,movie,6.5,123,1999,"Mystery, Thriller",111686,1999-02-19,Joel Schumacher,,
205,tt0181852,2005-12-29,2011-08-11,,Terminator 3: Rise of the Machines,https://www.imdb.com/title/tt0181852/,movie,6.3,109,2003,"Action, Sci-Fi",334053,2003-06-30,Jonathan Mostow,,
206,tt0134847,2005-12-29,2011-08-11,,Pitch Black,https://www.imdb.com/title/tt0134847/,movie,7.1,109,2000,"Horror, Sci-Fi",207279,2000-02-18,David Twohy,,
207,tt0296572,2005-12-29,2011-08-11,,The Chronicles of Riddick,https://www.imdb.com/title/tt0296572/,movie,6.7,119,2004,"Action, Adventure, Sci-Fi, Thriller",197452,2004-06-03,David Twohy,,
208,tt0266465,2005-12-29,2011-08-11,,A Man Apart,https://www.imdb.com/title/tt0266465/,movie,6.1,109,2003,"Action, Crime, Drama, Thriller",41072,2003-04-04,F. Gary Gray,,
209,tt0117665,2005-12-29,2011-08-11,,Sleepers,https://www.imdb.com/title/tt0117665/,movie,7.6,147,1996,"Crime, Drama, Thriller",167665,1996-08-28,Barry Levinson,,
210,tt0372183,2005-12-29,2011-08-11,,The Bourne Supremacy,https://www.imdb.com/title/tt0372183/,movie,7.8,108,2004,"Action, Mystery, Thriller",389501,2004-07-16,Paul Greengrass,,
211,tt0258463,2005-12-29,2011-08-11,,The Bourne Identity,https://www.imdb.com/title/tt0258463/,movie,7.9,119,2002,"Action, Mystery, Thriller",454182,2002-06-06,Doug Liman,,
212,tt0295701,2005-12-29,2011-08-11,,xXx,https://www.imdb.com/title/tt0295701/,movie,5.9,124,2002,"Action, Adventure, Thriller",159561,2002-08-09,Rob Cohen,,
213,tt0107206,2005-12-29,2011-08-11,,In the Line of Fire,https://www.imdb.com/title/tt0107206/,movie,7.2,128,1993,"Action, Crime, Drama, Thriller",80778,1993-07-08,Wolfgang Petersen,,
214,tt0075860,2005-12-29,2011-08-11,,Close Encounters of the Third Kind,https://www.imdb.com/title/tt0075860/,movie,7.7,138,1977,"Drama, Sci-Fi",158105,1977-11-15,Steven Spielberg,,
215,tt0264464,2005-12-29,2011-08-11,,Catch Me If You Can,https://www.imdb.com/title/tt0264464/,movie,8.1,141,2002,"Biography, Crime, Drama",652281,2002-12-16,Steven Spielberg,,
216,tt0181689,2005-12-29,2011-08-11,,Minority Report,https://www.imdb.com/title/tt0181689/,movie,7.7,145,2002,"Action, Adventure, Crime, Drama, Mystery, Sci-Fi, Thriller",444704,2002-06-17,Steven Spielberg,,
217,tt0212720,2005-12-29,2011-08-11,,Artificial Intelligence: AI,https://www.imdb.com/title/tt0212720/,movie,7.1,146,2001,"Adventure, Drama, Sci-Fi",263550,2001-06-26,Steven Spielberg,,
218,tt0119567,2005-12-29,2011-08-11,,The Lost World: Jurassic Park,https://www.imdb.com/title/tt0119567/,movie,6.5,129,1997,"Action, Adventure, Sci-Fi",316213,1997-05-19,Steven Spielberg,,
219,tt0107290,2005-12-29,2011-08-11,,Jurassic Park,https://www.imdb.com/title/tt0107290/,movie,8.1,127,1993,"Adventure, Sci-Fi, Thriller",720173,1993-06-09,Steven Spielberg,8,2007-12-21
220,tt0087469,2005-12-29,2011-08-11,,Indiana Jones and the Temple of Doom,https://www.imdb.com/title/tt0087469/,movie,7.6,118,1984,"Action, Adventure",376571,1984-05-08,Steven Spielberg,,
221,tt0092965,2005-12-29,2011-08-11,,Empire of the Sun,https://www.imdb.com/title/tt0092965/,movie,7.8,153,1987,"Drama, History, War",100182,1987-12-08,Steven Spielberg,,
222,tt0092099,2005-12-29,2011-08-11,,Top Gun,https://www.imdb.com/title/tt0092099/,movie,6.9,110,1986,"Action, Drama, Romance",244828,1986-05-12,Tony Scott,,
223,tt0087363,2005-12-29,2011-08-11,,Gremlins,https://www.imdb.com/title/tt0087363/,movie,7.2,106,1984,"Comedy, Fantasy, Horror",164839,1984-06-08,Joe Dante,,
224,tt0094862,2005-12-29,2011-08-11,,Child's Play,https://www.imdb.com/title/tt0094862/,movie,6.6,87,1988,"Horror, Thriller",70886,1988-11-09,Tom Holland,,
225,tt0209958,2005-12-29,2011-08-11,,The Cell,https://www.imdb.com/title/tt0209958/,movie,6.3,107,2000,"Horror, Sci-Fi, Thriller",86083,2000-08-17,Tarsem Singh,,
226,tt0118615,2005-12-29,2011-08-11,,Anaconda,https://www.imdb.com/title/tt0118615/,movie,4.7,89,1997,"Action, Adventure, Horror, Thriller",82300,1997-04-11,Luis Llosa,,
227,tt0120399,2005-12-29,2011-08-11,,U Turn,https://www.imdb.com/title/tt0120399/,movie,6.8,125,1997,"Crime, Drama, Thriller",44895,1997-08-27,Oliver Stone,,
228,tt0120780,2005-12-29,2011-08-11,,Out of Sight,https://www.imdb.com/title/tt0120780/,movie,7.0,123,1998,"Crime, Drama, Romance, Thriller",76650,1998-06-26,Steven Soderbergh,,
229,tt0113277,2005-12-29,2011-08-11,,Heat,https://www.imdb.com/title/tt0113277/,movie,8.2,170,1995,"Crime, Drama, Thriller",491792,1995-12-06,Michael Mann,,
230,tt0100802,2005-12-29,2011-08-11,,Total Recall,https://www.imdb.com/title/tt0100802/,movie,7.5,113,1990,"Action, Sci-Fi, Thriller",264767,1990-05-31,Paul Verhoeven,,
231,tt0082198,2005-12-29,2011-08-11,,Conan the Barbarian,https://www.imdb.com/title/tt0082198/,movie,6.9,129,1982,"Adventure, Fantasy",122802,1982-04-02,John Milius,,
232,tt0088944,2005-12-29,2011-08-11,,Commando,https://www.imdb.com/title/tt0088944/,movie,6.7,90,1985,"Action, Adventure, Thriller",125810,1985-10-04,Mark L. Lester,,
233,tt0099938,2005-12-29,2011-08-11,,Kindergarten Cop,https://www.imdb.com/title/tt0099938/,movie,6.1,111,1990,Comedy,118738,1990-12-21,Ivan Reitman,,
234,tt0268380,2005-12-29,2011-08-11,,Ice Age,https://www.imdb.com/title/tt0268380/,movie,7.5,81,2002,"Animation, Adventure, Comedy, Family, Fantasy",371234,2002-03-12,"Chris Wedge, Carlos Saldanha",,
235,tt0119081,2005-12-29,2011-08-11,,Event Horizon,https://www.imdb.com/title/tt0119081/,movie,6.7,96,1997,"Horror, Sci-Fi, Thriller",134691,1997-08-15,Paul W.S. Anderson,,
236,tt0144528,2005-12-29,2011-08-11,,Nutty Professor II: The Klumps,https://www.imdb.com/title/tt0144528/,movie,4.4,106,2000,"Comedy, Romance, Sci-Fi",43330,2000-07-24,Peter Segal,,
237,tt0120701,2005-12-29,2011-08-11,,Holy Man,https://www.imdb.com/title/tt0120701/,movie,4.9,114,1998,"Comedy, Drama",17491,1998-10-09,Stephen Herek,,
238,tt0164052,2005-12-29,2011-08-11,,Hollow Man,https://www.imdb.com/title/tt0164052/,movie,5.7,112,2000,"Action, Horror, Sci-Fi, Thriller",110224,2000-08-02,Paul Verhoeven,,
239,tt0119664,2005-12-29,2011-08-11,,Metro,https://www.imdb.com/title/tt0119664/,movie,5.5,117,1997,"Action, Comedy, Crime, Drama, Thriller",22943,1997-01-17,Thomas Carter,,
240,tt0117218,2005-12-29,2011-08-11,,The Nutty Professor,https://www.imdb.com/title/tt0117218/,movie,5.6,95,1996,"Comedy, Romance, Sci-Fi",96079,1996-06-27,Tom Shadyac,,
241,tt0090859,2005-12-29,2011-08-11,,Cobra,https://www.imdb.com/title/tt0090859/,movie,5.7,87,1986,"Action, Crime, Thriller",56853,1986-05-23,George P. Cosmatos,,
242,tt0105477,2005-12-29,2011-08-11,,Stop! Or My Mom Will Shoot,https://www.imdb.com/title/tt0105477/,movie,4.1,87,1992,"Action, Comedy, Family, Romance",34425,1992-02-21,Roger Spottiswoode,,
243,tt0106582,2005-12-29,2011-08-11,,Cliffhanger,https://www.imdb.com/title/tt0106582/,movie,6.4,112,1993,"Action, Adventure, Thriller",105657,1993-05-20,Renny Harlin,,
244,tt0113492,2005-12-29,2011-08-11,,Judge Dredd,https://www.imdb.com/title/tt0113492/,movie,5.5,96,1995,"Action, Crime, Sci-Fi, Thriller",97758,1995-06-30,Danny Cannon,,
245,tt0116040,2005-12-29,2011-08-11,,Daylight,https://www.imdb.com/title/tt0116040/,movie,5.8,114,1996,"Action, Adventure, Drama, Thriller",58335,1996-12-05,Rob Cohen,,
246,tt0208988,2005-12-29,2011-08-11,,Get Carter,https://www.imdb.com/title/tt0208988/,movie,5.1,102,2000,"Action, Crime, Drama, Thriller",29515,2000-09-25,Stephen Kay,,
247,tt0111301,2005-12-29,2011-08-11,,Street Fighter,https://www.imdb.com/title/tt0111301/,movie,3.8,102,1994,"Action, Adventure, Comedy, Thriller",57432,1994-12-23,Steven E. de Souza,,
248,tt0113855,2005-12-29,2011-08-11,,Mortal Kombat,https://www.imdb.com/title/tt0113855/,movie,5.8,101,1995,"Action, Adventure, Fantasy, Sci-Fi, Thriller",89380,1995-07-13,Paul W.S. Anderson,,
249,tt0246460,2005-12-29,2011-08-11,,Die Another Day,https://www.imdb.com/title/tt0246460/,movie,6.1,133,2002,"Action, Adventure, Thriller",183557,2002-11-18,Lee Tamahori,,
250,tt0143145,2005-12-29,2011-08-11,,The World Is Not Enough,https://www.imdb.com/title/tt0143145/,movie,6.4,128,1999,"Action, Adventure, Thriller",168968,1999-11-08,Michael Apted,,
251,tt0120347,2005-12-29,2011-08-11,,Tomorrow Never Dies,https://www.imdb.com/title/tt0120347/,movie,6.5,119,1997,"Action, Adventure, Thriller",161412,1997-12-09,Roger Spottiswoode,,
252,tt0113189,2005-12-29,2011-08-11,,GoldenEye,https://www.imdb.com/title/tt0113189/,movie,7.2,130,1995,"Action, Adventure, Thriller",214205,1995-11-13,Martin Campbell,,
253,tt0071807,2005-12-29,2011-08-11,,The Man with the Golden Gun,https://www.imdb.com/title/tt0071807/,movie,6.8,125,1974,"Action, Adventure, Thriller",81877,1974-12-14,Guy Hamilton,,
254,tt0120053,2005-12-29,2011-08-11,,The Saint,https://www.imdb.com/title/tt0120053/,movie,6.2,116,1997,"Action, Adventure, Romance, Sci-Fi, Thriller",55621,1997-04-03,Phillip Noyce,,
255,tt0120616,2005-12-29,2011-08-11,,The Mummy,https://www.imdb.com/title/tt0120616/,movie,7.0,124,1999,"Action, Adventure, Fantasy",349285,1999-04-16,Stephen Sommers,,
256,tt0209163,2005-12-29,2011-08-11,,The Mummy Returns,https://www.imdb.com/title/tt0209163/,movie,6.3,130,2001,"Action, Adventure, Fantasy, Thriller",270989,2001-04-29,Stephen Sommers,,
257,tt0119013,2005-12-29,2011-08-11,,Double Team,https://www.imdb.com/title/tt0119013/,movie,4.7,93,1997,"Action, Comedy, Sci-Fi, Thriller",27755,1997-04-04,Hark Tsui,,
258,tt0117011,2005-12-29,2011-08-11,,Maximum Risk,https://www.imdb.com/title/tt0117011/,movie,5.5,101,1996,"Action, Crime, Mystery, Romance, Thriller",17517,1996-09-13,Ringo Lam,,
259,tt0117420,2005-12-29,2011-08-11,,The Quest,https://www.imdb.com/title/tt0117420/,movie,5.5,95,1996,"Action, Adventure, Thriller",21065,1996-04-19,Jean-Claude Van Damme,,
260,tt0101764,2005-12-29,2011-08-11,,Double Impact,https://www.imdb.com/title/tt0101764/,movie,5.5,110,1991,"Action, Crime",32780,1991-07-31,Sheldon Lettich,,
261,tt0105690,2005-12-29,2011-08-11,,Under Siege,https://www.imdb.com/title/tt0105690/,movie,6.5,103,1992,"Action, Thriller",67361,1992-10-09,Andrew Davis,,
262,tt0114781,2005-12-29,2011-08-11,,Under Siege 2: Dark Territory,https://www.imdb.com/title/tt0114781/,movie,5.4,100,1995,"Action, Thriller",39318,1995-07-14,Geoff Murphy,,
263,tt0217869,2005-12-29,2011-08-11,,Unbreakable,https://www.imdb.com/title/tt0217869/,movie,7.2,106,2000,"Drama, Mystery, Sci-Fi, Thriller",291986,2000-11-14,M. Night Shyamalan,,
264,tt0162650,2005-12-29,2011-08-11,,Shaft,https://www.imdb.com/title/tt0162650/,movie,5.9,99,2000,"Action, Crime, Thriller",62826,2000-06-16,John Singleton,,
265,tt0346491,2005-12-29,2011-08-11,,Alexander,https://www.imdb.com/title/tt0346491/,movie,5.6,175,2004,"Action, Adventure, Biography, Drama, History, Romance, War",149065,2004-11-16,Oliver Stone,,
266,tt0292506,2005-12-29,2011-08-11,,The Recruit,https://www.imdb.com/title/tt0292506/,movie,6.6,115,2003,"Action, Drama, Mystery, Romance, Thriller",120942,2003-01-25,Roger Donaldson,,
267,tt0139654,2005-12-29,2011-08-11,,Training Day,https://www.imdb.com/title/tt0139654/,movie,7.7,122,2001,"Crime, Drama, Thriller",338316,2001-09-02,Antoine Fuqua,,
268,tt0289879,2005-12-29,2011-08-11,,The Butterfly Effect,https://www.imdb.com/title/tt0289879/,movie,7.7,113,2004,"Sci-Fi, Thriller",399507,2004-01-17,"J. Mackye Gruber, Eric Bress",,
269,tt0340163,2005-12-29,2011-08-11,,Hostage,https://www.imdb.com/title/tt0340163/,movie,6.6,113,2005,"Action, Crime, Drama, Mystery, Thriller",99243,2005-03-09,Florent-Emilio Siri,,
270,tt0293662,2005-12-29,2011-08-11,,The Transporter,https://www.imdb.com/title/tt0293662/,movie,6.8,92,2002,"Action, Crime, Thriller",258861,2002-10-02,"Corey Yuen, Louis Leterrier",,
271,tt0104691,2005-12-29,2011-08-11,,The Last of the Mohicans,https://www.imdb.com/title/tt0104691/,movie,7.8,112,1992,"Action, Adventure, Drama, Romance, War",128177,1992-08-26,Michael Mann,,
272,tt0187393,2005-12-29,2011-08-11,,The Patriot,https://www.imdb.com/title/tt0187393/,movie,7.2,165,2000,"Action, Drama, History, War",227211,2000-06-27,Roland Emmerich,,
273,tt0105112,2005-12-29,2011-08-11,,Patriot Games,https://www.imdb.com/title/tt0105112/,movie,6.9,117,1992,"Action, Thriller",88813,1992-06-05,Phillip Noyce,,
274,tt0099810,2005-12-29,2011-08-11,,The Hunt for Red October,https://www.imdb.com/title/tt0099810/,movie,7.6,135,1990,"Action, Adventure, Thriller",156260,1990-03-02,John McTiernan,,
275,tt0164184,2005-12-29,2011-08-11,,The Sum of All Fears,https://www.imdb.com/title/tt0164184/,movie,6.4,124,2002,"Action, Drama, Thriller, War",92979,2002-05-29,Phil Alden Robinson,,
276,tt0165929,2005-12-29,2011-08-11,,Romeo Must Die,https://www.imdb.com/title/tt0165929/,movie,6.1,115,2000,"Action, Crime, Thriller",61042,2000-03-20,Andrzej Bartkowiak,,
277,tt0163978,2005-12-29,2011-08-11,,The Beach,https://www.imdb.com/title/tt0163978/,movie,6.6,119,2000,"Adventure, Drama, Romance, Thriller",197697,2000-02-02,Danny Boyle,,
278,tt0120591,2005-12-29,2011-08-11,,Armageddon,https://www.imdb.com/title/tt0120591/,movie,6.6,151,1998,"Action, Adventure, Sci-Fi, Thriller",353848,1998-06-30,Michael Bay,,
279,tt0120647,2005-12-29,2011-08-11,,Deep Impact,https://www.imdb.com/title/tt0120647/,movie,6.1,120,1998,"Action, Drama, Romance, Sci-Fi, Thriller",144988,1998-05-07,Mimi Leder,,
280,tt0117500,2005-12-29,2011-08-11,,The Rock,https://www.imdb.com/title/tt0117500/,movie,7.4,136,1996,"Action, Adventure, Thriller",280635,1996-06-07,Michael Bay,,
281,tt0213149,2005-12-29,2011-08-11,,Pearl Harbor,https://www.imdb.com/title/tt0213149/,movie,6.1,183,2001,"Action, Drama, History, Romance, War",280471,2001-05-21,Michael Bay,6,2007-01-24
282,tt0119395,2005-12-29,2011-08-11,,The Jackal,https://www.imdb.com/title/tt0119395/,movie,6.4,124,1997,"Action, Crime, Drama, Thriller",95357,1997-11-14,Michael Caton-Jones,,
283,tt0272020,2005-12-29,2011-08-11,,The Last Castle,https://www.imdb.com/title/tt0272020/,movie,6.9,131,2001,"Action, Drama, Thriller",61737,2001-10-19,Rod Lurie,,
284,tt0332452,2005-12-29,2011-08-11,,Troy,https://www.imdb.com/title/tt0332452/,movie,7.2,163,2004,"Drama, History, Romance",427554,2004-05-09,Wolfgang Petersen,,
285,tt0266987,2005-12-29,2011-08-11,,Spy Game,https://www.imdb.com/title/tt0266987/,movie,7.1,126,2001,"Action, Crime, Thriller",130063,2001-11-19,Tony Scott,,
286,tt0119643,2005-12-29,2011-08-11,,Meet Joe Black,https://www.imdb.com/title/tt0119643/,movie,7.2,178,1998,"Drama, Fantasy, Romance",185811,1998-11-02,Martin Brest,,
287,tt0103074,2005-12-29,2011-08-11,,Thelma & Louise,https://www.imdb.com/title/tt0103074/,movie,7.4,130,1991,"Adventure, Crime, Drama",114321,1991-05-20,Ridley Scott,,
288,tt0110322,2005-12-29,2011-08-11,,Legends of the Fall,https://www.imdb.com/title/tt0110322/,movie,7.5,133,1994,"Drama, Romance, War, Western",125609,1994-12-23,Edward Zwick,,
289,tt0110148,2005-12-29,2011-08-11,,Interview with the Vampire: The Vampire Chronicles,https://www.imdb.com/title/tt0110148/,movie,7.6,123,1994,"Drama, Horror",261329,1994-11-09,Neil Jordan,,
290,tt0159273,2005-12-29,2011-08-11,,Behind Enemy Lines,https://www.imdb.com/title/tt0159273/,movie,6.4,106,2001,"Action, Drama, Thriller, War",92230,2001-11-17,John Moore,,
291,tt0108160,2005-12-29,2011-08-11,,Sleepless in Seattle,https://www.imdb.com/title/tt0108160/,movie,6.8,105,1993,"Comedy, Drama, Romance",136720,1993-06-25,Nora Ephron,,
292,tt0206275,2005-12-29,2011-08-11,,Save the Last Dance,https://www.imdb.com/title/tt0206275/,movie,6.2,112,2001,"Drama, Music, Romance",51944,2001-01-09,Thomas Carter,,
293,tt0099582,2005-12-29,2011-08-11,,Flatliners,https://www.imdb.com/title/tt0099582/,movie,6.6,115,1990,"Drama, Horror, Sci-Fi, Thriller",71182,1990-08-10,Joel Schumacher,,
294,tt0114660,2005-12-29,2011-08-11,,Things to Do in Denver When You're Dead,https://www.imdb.com/title/tt0114660/,movie,6.8,115,1995,"Crime, Drama",23812,1995-05-31,Gary Fleder,,
295,tt0218967,2005-12-29,2011-08-11,,The Family Man,https://www.imdb.com/title/tt0218967/,movie,6.7,125,2000,"Comedy, Drama, Fantasy, Romance",93211,2000-12-12,Brett Ratner,7,2005-12-18
296,tt0187078,2005-12-29,2011-08-11,,Gone in Sixty Seconds,https://www.imdb.com/title/tt0187078/,movie,6.5,118,2000,"Action, Crime, Thriller",236280,2000-06-05,Dominic Sena,,
297,tt0119094,2005-12-29,2011-08-11,,Face/Off,https://www.imdb.com/title/tt0119094/,movie,7.3,138,1997,"Action, Crime, Sci-Fi, Thriller",309855,1997-06-19,John Woo,,
298,tt0277434,2005-12-29,2011-08-11,,We Were Soldiers,https://www.imdb.com/title/tt0277434/,movie,7.2,138,2002,"Action, Drama, History, War",115195,2002-02-25,Randall Wallace,,
299,tt0100419,2005-12-29,2011-08-11,,Problem Child,https://www.imdb.com/title/tt0100419/,movie,5.3,81,1990,"Comedy, Family",24716,1990-07-27,Dennis Dugan,,
300,tt0102719,2005-12-29,2011-08-11,,Problem Child 2,https://www.imdb.com/title/tt0102719/,movie,4.6,90,1991,"Comedy, Family",18383,1991-07-03,Brian Levant,,
301,tt0099785,2005-12-29,2011-08-11,,Home Alone,https://www.imdb.com/title/tt0099785/,movie,7.5,103,1990,"Comedy, Family",371403,1990-11-10,Chris Columbus,,
302,tt0104431,2005-12-29,2011-08-11,,Home Alone 2: Lost in New York,https://www.imdb.com/title/tt0104431/,movie,6.6,120,1992,"Adventure, Comedy, Family",240332,1992-11-15,Chris Columbus,,
303,tt0108333,2005-12-29,2011-08-11,,The Three Musketeers,https://www.imdb.com/title/tt0108333/,movie,6.4,105,1993,"Action, Adventure, Comedy, Family, Romance",44807,1993-11-12,Stephen Herek,,
304,tt0102059,2005-12-29,2011-08-11,,Hot Shots!,https://www.imdb.com/title/tt0102059/,movie,6.7,84,1991,"Action, Comedy",87521,1991-07-31,Jim Abrahams,,
305,tt0107144,2005-12-29,2011-08-11,,Hot Shots! Part Deux,https://www.imdb.com/title/tt0107144/,movie,6.6,86,1993,"Action, Comedy",74456,1993-05-21,Jim Abrahams,,
306,tt0335438,2005-12-29,2011-08-11,,Starsky & Hutch,https://www.imdb.com/title/tt0335438/,movie,6.1,101,2004,"Comedy, Crime",127740,2004-02-26,Todd Phillips,,
307,tt0116629,2005-12-29,2011-08-11,,Independence Day,https://www.imdb.com/title/tt0116629/,movie,7.0,145,1996,"Action, Adventure, Sci-Fi",473025,1996-06-25,Roland Emmerich,,
308,tt0286499,2005-12-29,2011-08-11,,Bend It Like Beckham,https://www.imdb.com/title/tt0286499/,movie,6.7,112,2002,"Comedy, Drama, Romance, Sport",96223,2002-04-11,Gurinder Chadha,4,2005-12-29
309,tt0215129,2005-12-29,2011-08-11,,Road Trip,https://www.imdb.com/title/tt0215129/,movie,6.5,93,2000,"Adventure, Comedy",143349,2000-05-11,Todd Phillips,,
310,tt0277371,2005-12-29,2011-08-11,,Not Another Teen Movie,https://www.imdb.com/title/tt0277371/,movie,5.7,89,2001,Comedy,86964,2001-12-07,Joel Gallen,,
311,tt0163651,2005-12-29,2011-08-11,,American Pie,https://www.imdb.com/title/tt0163651/,movie,7.0,95,1999,Comedy,339579,1999-07-07,"Paul Weitz, Chris Weitz",,
312,tt0252866,2005-12-29,2011-08-11,,American Pie 2,https://www.imdb.com/title/tt0252866/,movie,6.4,108,2001,Comedy,216565,2001-08-06,J.B. Rogers,,
313,tt0328828,2005-12-29,2011-08-11,,American Wedding,https://www.imdb.com/title/tt0328828/,movie,6.3,96,2003,Comedy,175522,2003-07-24,Jesse Dylan,,
314,tt0160127,2005-12-29,2011-08-11,,Charlie's Angels,https://www.imdb.com/title/tt0160127/,movie,5.5,98,2000,"Action, Adventure, Comedy, Crime, Thriller",156521,2000-10-22,McG,,
315,tt0305357,2005-12-29,2011-08-11,,Charlie's Angels: Full Throttle,https://www.imdb.com/title/tt0305357/,movie,4.8,106,2003,"Action, Adventure, Comedy, Crime",108383,2003-06-18,McG,,
316,tt0141926,2005-12-29,2011-08-11,,U-571,https://www.imdb.com/title/tt0141926/,movie,6.6,116,2000,"Action, War",70023,2000-04-17,Jonathan Mostow,,
317,tt0112740,2005-12-29,2011-08-11,,Crimson Tide,https://www.imdb.com/title/tt0112740/,movie,7.3,116,1995,"Action, Drama, Thriller, War",88900,1995-05-12,Tony Scott,,
318,tt0328832,2005-12-29,2011-08-11,,The Animatrix,https://www.imdb.com/title/tt0328832/,video,7.4,100,2003,"Animation, Action, Adventure, Sci-Fi",65672,2003-04-17,"Yoshiaki Kawajiri, Peter Chung, Takeshi Koike, Kôji Morimoto, Shinichirô Watanabe, Mahiro Maeda, Andrew R. Jones",,
319,tt0129290,2005-12-29,2011-08-11,,Patch Adams,https://www.imdb.com/title/tt0129290/,movie,6.7,115,1998,"Biography, Comedy, Drama, Romance",89274,1998-10-21,Tom Shadyac,,
320,tt0113540,2005-12-29,2011-08-11,,Kids,https://www.imdb.com/title/tt0113540/,movie,7.0,91,1995,Drama,64732,1995-01-31,Larry Clark,,
321,tt0089218,2005-12-29,2011-08-11,,The Goonies,https://www.imdb.com/title/tt0089218/,movie,7.8,114,1985,"Adventure, Comedy, Family",202120,1985-06-07,Richard Donner,,
322,tt0109635,2005-12-29,2011-08-11,,Disclosure,https://www.imdb.com/title/tt0109635/,movie,6.0,128,1994,"Drama, Thriller",40262,1994-11-28,Barry Levinson,,
323,tt0117765,2005-12-29,2011-08-11,,Striptease,https://www.imdb.com/title/tt0117765/,movie,4.4,115,1996,"Comedy, Crime, Drama, Thriller",37840,1996-06-23,Andrew Bergman,,
324,tt0115624,2005-12-29,2011-08-11,,Barb Wire,https://www.imdb.com/title/tt0115624/,movie,3.2,98,1996,"Action, Sci-Fi",22079,1996-05-03,David Hogan,,
325,tt0120841,2005-12-29,2011-08-11,,Species II,https://www.imdb.com/title/tt0120841/,movie,4.3,93,1998,"Action, Horror, Sci-Fi, Thriller",24457,1998-04-10,Peter Medak,,
326,tt0112722,2005-12-29,2011-08-11,,Copycat,https://www.imdb.com/title/tt0112722/,movie,6.6,123,1995,"Drama, Mystery, Thriller",46781,1995-10-19,Jon Amiel,,
327,tt0095243,2005-12-29,2011-08-11,,Gorillas in the Mist: The Story of Dian Fossey,https://www.imdb.com/title/tt0095243/,movie,7.0,129,1988,"Biography, Drama",21051,1988-10-07,Michael Apted,,
328,tt0118971,2005-12-29,2011-08-11,,The Devil's Advocate,https://www.imdb.com/title/tt0118971/,movie,7.5,144,1997,"Drama, Mystery, Thriller",287310,1997-10-13,Taylor Hackford,,
329,tt0146838,2005-12-29,2011-08-11,,Any Given Sunday,https://www.imdb.com/title/tt0146838/,movie,6.8,162,1999,"Drama, Sport",103611,1999-12-16,Oliver Stone,,
330,tt0290002,2005-12-29,2011-08-11,,Meet the Fockers,https://www.imdb.com/title/tt0290002/,movie,6.3,115,2004,"Comedy, Romance",229198,2004-12-16,Jay Roach,,
331,tt0179626,2005-12-29,2011-08-11,,15 Minutes,https://www.imdb.com/title/tt0179626/,movie,6.1,120,2001,"Action, Crime, Drama, Thriller",45150,2001-03-01,John Herzfeld,,
332,tt0212338,2005-12-29,2011-08-11,,Meet the Parents,https://www.imdb.com/title/tt0212338/,movie,7.0,108,2000,"Comedy, Romance",282155,2000-10-06,Jay Roach,,
333,tt0122933,2005-12-29,2011-08-11,,Analyze This,https://www.imdb.com/title/tt0122933/,movie,6.7,103,1999,"Comedy, Crime",133112,1999-03-05,Harold Ramis,,
334,tt0122690,2005-12-29,2011-08-11,,Ronin,https://www.imdb.com/title/tt0122690/,movie,7.3,122,1998,"Action, Adventure, Crime, Thriller",156046,1998-09-12,John Frankenheimer,,
335,tt0101540,2005-12-29,2011-08-11,,Cape Fear,https://www.imdb.com/title/tt0101540/,movie,7.3,128,1991,"Crime, Thriller",143343,1991-10-06,Martin Scorsese,,
336,tt0120611,2005-12-29,2011-08-11,,Blade,https://www.imdb.com/title/tt0120611/,movie,7.1,120,1998,"Action, Horror",213457,1998-08-19,Stephen Norrington,,
337,tt0187738,2005-12-29,2011-08-11,,Blade II,https://www.imdb.com/title/tt0187738/,movie,6.7,117,2002,"Action, Horror, Sci-Fi, Thriller",176864,2002-03-21,Guillermo del Toro,,
338,tt0320691,2005-12-29,2011-08-11,,Underworld,https://www.imdb.com/title/tt0320691/,movie,7.0,121,2003,"Action, Fantasy, Thriller",230395,2003-09-08,Len Wiseman,,
339,tt0245803,2005-12-29,2011-08-11,,Bulletproof Monk,https://www.imdb.com/title/tt0245803/,movie,5.5,104,2003,"Action, Comedy, Fantasy, Romance",44653,2003-04-16,Paul Hunter,,
340,tt0118843,2005-12-29,2011-08-11,,"Crna macka, beli macor",https://www.imdb.com/title/tt0118843/,movie,8.1,127,1998,"Comedy, Crime, Romance",44938,1998-06-01,Emir Kusturica,,
341,tt0131646,2005-12-29,2011-08-11,,Wing Commander,https://www.imdb.com/title/tt0131646/,movie,4.2,100,1999,"Action, Adventure, Sci-Fi",15323,1999-03-12,Chris Roberts,,
342,tt0289765,2005-12-29,2011-08-11,,Red Dragon,https://www.imdb.com/title/tt0289765/,movie,7.2,124,2002,"Crime, Drama, Thriller",221167,2002-09-30,Brett Ratner,,
343,tt0212985,2005-12-29,2011-08-11,,Hannibal,https://www.imdb.com/title/tt0212985/,movie,6.8,131,2001,"Crime, Drama, Thriller",226905,2001-02-09,Ridley Scott,,
344,tt0107798,2005-12-29,2011-08-11,,The Pelican Brief,https://www.imdb.com/title/tt0107798/,movie,6.6,141,1993,"Crime, Drama, Mystery, Thriller",65917,1993-12-17,Alan J. Pakula,,
345,tt0184858,2005-12-29,2011-08-11,,Reindeer Games,https://www.imdb.com/title/tt0184858/,movie,5.7,104,2000,"Action, Adventure, Crime, Thriller",33846,2000-02-24,John Frankenheimer,,
346,tt0104257,2005-12-29,2011-08-11,,A Few Good Men,https://www.imdb.com/title/tt0104257/,movie,7.7,138,1992,"Drama, Thriller",202323,1992-12-09,Rob Reiner,,
347,tt0120632,2005-12-29,2011-08-11,,City of Angels,https://www.imdb.com/title/tt0120632/,movie,6.7,114,1998,"Drama, Fantasy, Romance",102704,1998-04-10,Brad Silberling,,
348,tt0109444,2005-12-29,2011-08-11,,Clear and Present Danger,https://www.imdb.com/title/tt0109444/,movie,6.9,141,1994,"Action, Crime, Drama, Thriller",76539,1994-08-03,Phillip Noyce,,
349,tt0118571,2005-12-29,2011-08-11,,Air Force One,https://www.imdb.com/title/tt0118571/,movie,6.5,124,1997,"Action, Drama, Thriller",159868,1997-07-21,Wolfgang Petersen,,
350,tt0112442,2005-12-29,2011-08-11,,Bad Boys,https://www.imdb.com/title/tt0112442/,movie,6.8,119,1995,"Action, Comedy, Crime, Drama, Thriller",193875,1995-04-07,Michael Bay,,
351,tt0172156,2005-12-29,2011-08-11,,Bad Boys II,https://www.imdb.com/title/tt0172156/,movie,6.6,147,2003,"Action, Comedy, Crime, Drama, Thriller",196001,2003-07-09,Michael Bay,,
352,tt0248667,2005-12-29,2011-08-11,,Ali,https://www.imdb.com/title/tt0248667/,movie,6.8,157,2001,"Biography, Drama, Sport",85044,2001-12-11,Michael Mann,,
353,tt0125439,2005-12-29,2011-08-11,,Notting Hill,https://www.imdb.com/title/tt0125439/,movie,7.1,124,1999,"Comedy, Drama, Romance",228539,1999-05-13,Roger Michell,,
354,tt0130121,2005-12-29,2011-08-11,,Mickey Blue Eyes,https://www.imdb.com/title/tt0130121/,movie,5.8,102,1999,"Comedy, Crime, Romance",31806,1999-08-17,Kelly Makin,,
355,tt0276751,2005-12-29,2011-08-11,,About a Boy,https://www.imdb.com/title/tt0276751/,movie,7.1,101,2002,"Comedy, Drama, Romance",154090,2002-04-26,"Paul Weitz, Chris Weitz",,
356,tt0121442,2005-12-29,2011-08-11,,Koko Flanel,https://www.imdb.com/title/tt0121442/,movie,6.2,95,1990,"Comedy, Romance",1800,1990-02-23,"Stijn Coninx, Jef Van de Water",,
357,tt0151513,2005-12-29,2011-08-11,,Max,https://www.imdb.com/title/tt0151513/,movie,5.3,91,1994,Comedy,408,,Freddy Coppens,,
358,tt0093169,2005-12-29,2011-08-11,,Hector,https://www.imdb.com/title/tt0093169/,movie,6.9,90,1987,Comedy,1552,1987-10-19,Stijn Coninx,,
359,tt0154030,2005-12-29,2011-08-11,,De zevende hemel,https://www.imdb.com/title/tt0154030/,movie,5.2,94,1993,"Comedy, Romance",231,1993-03-31,Jean-Paul Lilienfeld,,
360,tt0150693,2005-12-29,2011-08-11,,Gaston en Leo in Hong Kong,https://www.imdb.com/title/tt0150693/,movie,5.6,97,1988,Comedy,211,1988-12-31,Paul Cammermans,,
361,tt0315327,2005-12-29,2011-08-11,,Bruce Almighty,https://www.imdb.com/title/tt0315327/,movie,6.7,101,2003,"Comedy, Drama, Fantasy",328929,2003-05-14,Tom Shadyac,,
362,tt0119528,2005-12-29,2011-08-11,,Liar Liar,https://www.imdb.com/title/tt0119528/,movie,6.9,86,1997,"Comedy, Fantasy",245507,1997-03-18,Tom Shadyac,,
363,tt0183505,2005-12-29,2011-08-11,,"Me, Myself & Irene",https://www.imdb.com/title/tt0183505/,movie,6.6,116,2000,Comedy,201426,2000-06-15,"Bobby Farrelly, Peter Farrelly",,
364,tt0120382,2005-12-29,2011-08-11,,The Truman Show,https://www.imdb.com/title/tt0120382/,movie,8.1,103,1998,"Comedy, Drama, Sci-Fi",777545,1998-06-01,Peter Weir,,
365,tt0112281,2005-12-29,2011-08-11,,Ace Ventura: When Nature Calls,https://www.imdb.com/title/tt0112281/,movie,6.3,90,1995,"Adventure, Comedy, Crime",178183,1995-11-08,Steve Oedekerk,,
366,tt0115798,2005-12-29,2011-08-11,,The Cable Guy,https://www.imdb.com/title/tt0115798/,movie,6.1,96,1996,"Comedy, Drama, Thriller",134546,1996-06-10,Ben Stiller,,
367,tt0109686,2005-12-29,2011-08-11,,Dumb and Dumber,https://www.imdb.com/title/tt0109686/,movie,7.3,107,1994,Comedy,314952,1994-12-06,"Bobby Farrelly, Peter Farrelly",,
368,tt0109040,2005-12-29,2011-08-11,,Ace Ventura: Pet Detective,https://www.imdb.com/title/tt0109040/,movie,6.9,86,1994,Comedy,241185,1994-02-04,Tom Shadyac,,
369,tt0329028,2005-12-29,2011-08-11,,Dumb and Dumberer: When Harry Met Lloyd,https://www.imdb.com/title/tt0329028/,movie,3.4,85,2003,Comedy,32686,2003-06-13,Troy Miller,,
370,tt0158983,2005-12-29,2011-08-11,,"South Park: Bigger, Longer & Uncut",https://www.imdb.com/title/tt0158983/,movie,7.8,81,1999,"Animation, Comedy, Fantasy, Musical",175293,1999-06-30,Trey Parker,,
371,tt0162661,2005-12-29,2011-08-11,,Sleepy Hollow,https://www.imdb.com/title/tt0162661/,movie,7.4,105,1999,"Fantasy, Horror, Mystery",292609,1999-11-17,Tim Burton,,
372,tt0138304,2005-12-29,2011-08-11,,The Astronaut's Wife,https://www.imdb.com/title/tt0138304/,movie,5.3,109,1999,"Drama, Sci-Fi, Thriller",48986,1999-08-27,Rand Ravich,,
373,tt0099487,2005-12-29,2011-08-11,,Edward Scissorhands,https://www.imdb.com/title/tt0099487/,movie,7.9,105,1990,"Drama, Fantasy, Romance",395348,1990-12-06,Tim Burton,,
374,tt0264472,2005-12-29,2011-08-11,,Changing Lanes,https://www.imdb.com/title/tt0264472/,movie,6.5,98,2002,"Drama, Thriller",61562,2002-04-07,Roger Michell,,
375,tt0133046,2005-12-29,2011-08-11,,Teaching Mrs. Tingle,https://www.imdb.com/title/tt0133046/,movie,5.2,96,1999,"Comedy, Thriller",18275,1999-08-11,Kevin Williamson,,
376,tt0183649,2005-12-29,2011-08-11,,Phone Booth,https://www.imdb.com/title/tt0183649/,movie,7.1,81,2002,"Crime, Thriller",227410,2002-09-10,Joel Schumacher,,
377,tt0139239,2005-12-29,2011-08-11,,Go,https://www.imdb.com/title/tt0139239/,movie,7.3,102,1999,"Comedy, Crime",62374,1999-02-20,Doug Liman,,
378,tt0134619,2005-12-29,2011-08-11,,Disturbing Behavior,https://www.imdb.com/title/tt0134619/,movie,5.5,84,1998,"Horror, Mystery, Sci-Fi, Thriller",18664,1998-07-24,David Nutter,,
379,tt0145681,2005-12-29,2011-08-11,,The Bone Collector,https://www.imdb.com/title/tt0145681/,movie,6.7,118,1999,"Crime, Drama, Mystery, Thriller",133701,1999-08-29,Phillip Noyce,,
380,tt0120604,2005-12-29,2011-08-11,,Beowulf,https://www.imdb.com/title/tt0120604/,movie,4.0,95,1999,"Action, Adventure, Fantasy, Horror, Sci-Fi, Thriller",10256,1999-03-31,Graham Baker,,
381,tt0215750,2005-12-29,2011-08-11,,Enemy at the Gates,https://www.imdb.com/title/tt0215750/,movie,7.6,131,2001,"Drama, History, War",212494,2001-02-07,Jean-Jacques Annaud,,
382,tt0134119,2005-12-29,2011-08-11,,The Talented Mr. Ripley,https://www.imdb.com/title/tt0134119/,movie,7.4,139,1999,"Crime, Drama, Thriller",153435,1999-12-12,Anthony Minghella,,
383,tt0120102,2005-12-29,2011-08-11,,Seven Years in Tibet,https://www.imdb.com/title/tt0120102/,movie,7.0,136,1997,"Adventure, Biography, Drama, History, War",106798,1997-09-13,Jean-Jacques Annaud,,
384,tt0118972,2005-12-29,2011-08-11,,The Devil's Own,https://www.imdb.com/title/tt0118972/,movie,6.1,111,1997,"Action, Crime, Drama, Thriller",50803,1997-03-13,Alan J. Pakula,,
385,tt0118884,2005-12-29,2011-08-11,,Contact,https://www.imdb.com/title/tt0118884/,movie,7.4,150,1997,"Drama, Mystery, Sci-Fi, Thriller",224426,1997-07-11,Robert Zemeckis,,
386,tt0163025,2005-12-29,2011-08-11,,Jurassic Park III,https://www.imdb.com/title/tt0163025/,movie,5.9,92,2001,"Action, Adventure, Sci-Fi, Thriller",248836,2001-07-16,Joe Johnston,,
387,tt0128442,2005-12-29,2011-08-11,,Rounders,https://www.imdb.com/title/tt0128442/,movie,7.3,121,1998,"Crime, Drama",130545,1998-08-25,John Dahl,,
388,tt0064505,2005-12-29,2011-08-11,,The Italian Job,https://www.imdb.com/title/tt0064505/,movie,7.4,99,1969,"Action, Comedy, Crime, Thriller",34817,1969-06-02,Peter Collinson,,
389,tt0034492,2005-12-29,2011-08-11,,Bambi,https://www.imdb.com/title/tt0034492/,movie,7.3,70,1942,"Animation, Drama, Family",108847,1942-08-08,"Samuel Armstrong, Paul Satterfield, Graham Heid, James Algar, David Hand, Bill Roberts, Norman Wright",,
390,tt0101414,2005-12-29,2011-08-11,,Beauty and the Beast,https://www.imdb.com/title/tt0101414/,movie,8.0,84,1991,"Animation, Family, Fantasy, Musical, Romance",365429,1991-09-29,"Kirk Wise, Gary Trousdale",,
391,tt0061852,2005-12-29,2011-08-11,,The Jungle Book,https://www.imdb.com/title/tt0061852/,movie,7.6,78,1967,"Animation, Adventure, Family, Musical",140782,1967-10-18,Wolfgang Reitherman,,
392,tt0103639,2005-12-29,2011-08-11,,Aladdin,https://www.imdb.com/title/tt0103639/,movie,8.0,90,1992,"Animation, Adventure, Comedy, Family, Fantasy, Musical, Romance",298213,1992-11-08,"Ron Clements, John Musker",,
393,tt0058331,2005-12-29,2011-08-11,,Mary Poppins,https://www.imdb.com/title/tt0058331/,movie,7.8,139,1964,"Comedy, Family, Fantasy, Musical",124228,1964-08-27,Robert Stevenson,,
394,tt0192614,2005-12-29,2011-08-11,,The Skulls,https://www.imdb.com/title/tt0192614/,movie,5.6,106,2000,"Action, Crime, Drama, Thriller",28686,2000-03-27,Rob Cohen,,
395,tt0343660,2005-12-29,2011-08-11,,50 First Dates,https://www.imdb.com/title/tt0343660/,movie,6.8,99,2004,"Comedy, Drama, Romance",290999,2004-02-03,Peter Segal,,
396,tt0302640,2005-12-29,2011-08-11,,The Hot Chick,https://www.imdb.com/title/tt0302640/,movie,5.5,104,2002,"Comedy, Fantasy",81315,2002-12-02,Tom Brady,,
397,tt0280590,2005-12-29,2011-08-11,,Mr. Deeds,https://www.imdb.com/title/tt0280590/,movie,5.8,96,2002,"Comedy, Romance",121252,2002-06-28,Steven Brill,,
398,tt0255798,2005-12-29,2011-08-11,,The Animal,https://www.imdb.com/title/tt0255798/,movie,4.8,84,2001,"Comedy, Sci-Fi",51397,2001-03-21,Luke Greenfield,,
399,tt0142342,2005-12-29,2011-08-11,,Big Daddy,https://www.imdb.com/title/tt0142342/,movie,6.4,93,1999,"Comedy, Drama",176712,1999-06-17,Dennis Dugan,,
400,tt0120484,2005-12-29,2011-08-11,,The Waterboy,https://www.imdb.com/title/tt0120484/,movie,6.1,90,1998,"Comedy, Sport",130903,1998-11-06,Frank Coraci,,
401,tt0120888,2005-12-29,2011-08-11,,The Wedding Singer,https://www.imdb.com/title/tt0120888/,movie,6.8,100,1998,"Comedy, Music, Romance",119257,1998-02-12,Frank Coraci,,
402,tt0112508,2005-12-29,2011-08-11,,Billy Madison,https://www.imdb.com/title/tt0112508/,movie,6.4,89,1995,Comedy,115298,1995-02-10,Tamra Davis,,
403,tt0205000,2005-12-29,2011-08-11,,Deuce Bigalow: Male Gigolo,https://www.imdb.com/title/tt0205000/,movie,5.7,88,1999,"Comedy, Romance",64066,1999-12-02,Mike Mitchell,,
404,tt0133751,2005-12-29,2011-08-11,,The Faculty,https://www.imdb.com/title/tt0133751/,movie,6.5,104,1998,"Horror, Sci-Fi",99259,1998-11-12,Robert Rodriguez,,
405,tt0217505,2005-12-29,2011-08-11,,Gangs of New York,https://www.imdb.com/title/tt0217505/,movie,7.5,167,2002,"Crime, Drama",352229,2002-12-09,Martin Scorsese,,
406,tt0120461,2005-12-29,2011-08-11,,Volcano,https://www.imdb.com/title/tt0120461/,movie,5.4,104,1997,"Action, Drama, Sci-Fi, Thriller",64152,1997-04-15,Mick Jackson,,
407,tt0244244,2005-12-29,2011-08-11,,Swordfish,https://www.imdb.com/title/tt0244244/,movie,6.5,99,2001,"Action, Crime, Thriller",164289,2001-06-04,Dominic Sena,,
408,tt0111257,2005-12-29,2011-08-11,,Speed,https://www.imdb.com/title/tt0111257/,movie,7.2,116,1994,"Action, Adventure, Crime, Thriller",287037,1994-06-10,Jan de Bont,,
409,tt0120179,2005-12-29,2011-08-11,,Speed 2: Cruise Control,https://www.imdb.com/title/tt0120179/,movie,3.8,121,1997,"Action, Adventure, Crime, Romance, Thriller",65753,1997-06-13,Jan de Bont,,
410,tt0113957,2005-12-29,2011-08-11,,The Net,https://www.imdb.com/title/tt0113957/,movie,5.9,114,1995,"Action, Crime, Drama, Mystery, Thriller",53215,1995-07-25,Irwin Winkler,,
411,tt0195685,2005-12-29,2011-08-11,,Erin Brockovich,https://www.imdb.com/title/tt0195685/,movie,7.3,131,2000,"Biography, Drama",150072,2000-03-14,Steven Soderbergh,,
412,tt0118883,2005-12-29,2011-08-11,,Conspiracy Theory,https://www.imdb.com/title/tt0118883/,movie,6.7,135,1997,"Action, Mystery, Thriller",83575,1997-08-04,Richard Donner,,
413,tt0119738,2005-12-29,2011-08-11,,My Best Friend's Wedding,https://www.imdb.com/title/tt0119738/,movie,6.3,105,1997,"Comedy, Drama, Romance",109747,1997-06-20,P.J. Hogan,,
414,tt0280491,2005-12-29,2011-08-11,,Bloody Sunday,https://www.imdb.com/title/tt0280491/,movie,7.7,107,2002,"Drama, History, War",21323,2002-01-16,Paul Greengrass,,
415,tt0162222,2005-12-29,2011-08-11,,Cast Away,https://www.imdb.com/title/tt0162222/,movie,7.8,143,2000,"Adventure, Drama, Romance",445478,2000-12-07,Robert Zemeckis,,
416,tt0270980,2005-12-29,2011-08-11,,My Boss's Daughter,https://www.imdb.com/title/tt0270980/,movie,4.7,86,2003,"Comedy, Romance",25890,2003-08-22,David Zucker,,
417,tt0139134,2005-12-29,2011-08-11,,Cruel Intentions,https://www.imdb.com/title/tt0139134/,movie,6.8,97,1999,"Drama, Romance",161268,1999-03-05,Roger Kumble,,
418,tt0146336,2005-12-29,2011-08-11,,Urban Legend,https://www.imdb.com/title/tt0146336/,movie,5.5,99,1998,"Horror, Mystery",52168,1998-09-25,Jamie Blanks,,
419,tt0192731,2005-12-29,2011-08-11,,Urban Legends: Final Cut,https://www.imdb.com/title/tt0192731/,movie,4.2,97,2000,"Horror, Mystery, Romance, Thriller",14133,2000-09-19,John Ottman,,
420,tt0113071,2005-12-29,2011-08-11,,First Knight,https://www.imdb.com/title/tt0113071/,movie,5.9,134,1995,"Action, Adventure, Romance",60699,1995-07-07,Jerry Zucker,,
421,tt0107969,2005-12-29,2011-08-11,,Rising Sun,https://www.imdb.com/title/tt0107969/,movie,6.2,125,1993,"Action, Crime, Drama, Mystery, Thriller",37994,1993-07-30,Philip Kaufman,,
422,tt0117438,2005-12-29,2011-08-11,,Ransom,https://www.imdb.com/title/tt0117438/,movie,6.6,121,1996,"Action, Crime, Thriller",106925,1996-11-01,Ron Howard,,
423,tt0120784,2005-12-29,2011-08-11,,Payback,https://www.imdb.com/title/tt0120784/,movie,7.1,100,1999,"Action, Crime, Drama, Thriller",120381,1999-02-05,Brian Helgeland,,
424,tt0286106,2005-12-29,2011-08-11,,Signs,https://www.imdb.com/title/tt0286106/,movie,6.7,106,2002,"Drama, Mystery, Sci-Fi, Thriller",299065,2002-07-29,M. Night Shyamalan,,
425,tt0114148,2005-12-29,2011-08-11,,Pocahontas,https://www.imdb.com/title/tt0114148/,movie,6.7,81,1995,"Animation, Adventure, Drama, Family, Musical, Romance",139893,1995-06-15,"Eric Goldberg, Mike Gabriel",,
426,tt0104291,2005-12-29,2011-08-11,,Forever Young,https://www.imdb.com/title/tt0104291/,movie,6.3,102,1992,"Drama, Romance, Sci-Fi",39813,1992-12-11,Steve Miner,,
427,tt0099726,2005-12-29,2011-08-11,,Hamlet,https://www.imdb.com/title/tt0099726/,movie,6.8,135,1990,Drama,19250,1990-12-19,Franco Zeffirelli,,
428,tt0089530,2005-12-29,2011-08-11,,Mad Max Beyond Thunderdome,https://www.imdb.com/title/tt0089530/,movie,6.3,107,1985,"Action, Adventure, Sci-Fi",112550,1985-06-29,"George Ogilvie, George Miller",,
429,tt0082694,2005-12-29,2011-08-11,,Mad Max 2,https://www.imdb.com/title/tt0082694/,movie,7.6,95,1981,"Action, Adventure, Sci-Fi, Thriller",147910,1981-12-24,George Miller,,
430,tt0079501,2005-12-29,2011-08-11,,Mad Max,https://www.imdb.com/title/tt0079501/,movie,7.0,88,1979,"Action, Adventure, Sci-Fi, Thriller",168324,1979-04-12,George Miller,,
431,tt0241527,2005-12-29,2011-08-11,,Harry Potter and the Sorcerer's Stone,https://www.imdb.com/title/tt0241527/,movie,7.6,152,2001,"Adventure, Family, Fantasy",522431,2001-11-04,Chris Columbus,,
432,tt0110357,2005-12-29,2011-08-11,,The Lion King,https://www.imdb.com/title/tt0110357/,movie,8.5,88,1994,"Animation, Adventure, Drama, Family, Musical",763148,1994-02-02,"Rob Minkoff, Roger Allers",,
433,tt0121765,2005-12-29,2011-08-11,,Star Wars: Episode II - Attack of the Clones,https://www.imdb.com/title/tt0121765/,movie,6.6,142,2002,"Action, Adventure, Fantasy, Sci-Fi",538173,2002-05-12,George Lucas,,
434,tt0117998,2005-12-29,2011-08-11,,Twister,https://www.imdb.com/title/tt0117998/,movie,6.3,113,1996,"Action, Adventure, Drama, Thriller",155682,1996-05-08,Jan de Bont,,
435,tt0099348,2005-12-29,2011-08-11,,Dances with Wolves,https://www.imdb.com/title/tt0099348/,movie,8.0,181,1990,"Adventure, Drama, Western",208328,1990-10-19,Kevin Costner,,
436,tt0107614,2005-12-29,2011-08-11,,Mrs. Doubtfire,https://www.imdb.com/title/tt0107614/,movie,6.9,125,1993,"Comedy, Drama, Family",206145,1993-11-22,Chris Columbus,,
437,tt0103855,2005-12-29,2011-08-11,,The Bodyguard,https://www.imdb.com/title/tt0103855/,movie,6.2,129,1992,"Action, Drama, Music, Romance",101614,1992-11-25,Mick Jackson,,
438,tt0077631,2005-12-29,2011-08-11,,Grease,https://www.imdb.com/title/tt0077631/,movie,7.2,110,1978,"Musical, Romance",192789,1978-06-13,Randal Kleiser,,
439,tt0111503,2005-12-29,2011-08-11,,True Lies,https://www.imdb.com/title/tt0111503/,movie,7.2,141,1994,"Action, Comedy, Thriller",208861,1994-07-12,James Cameron,,
440,tt0120685,2005-12-29,2011-08-11,,Godzilla,https://www.imdb.com/title/tt0120685/,movie,5.3,139,1998,"Action, Sci-Fi, Thriller",163673,1998-05-18,Roland Emmerich,,
441,tt0207201,2005-12-29,2011-08-11,,What Women Want,https://www.imdb.com/title/tt0207201/,movie,6.4,127,2000,"Comedy, Fantasy, Romance",173272,2000-12-13,Nancy Meyers,,
442,tt0129387,2005-12-29,2011-08-11,,There's Something About Mary,https://www.imdb.com/title/tt0129387/,movie,7.1,119,1998,"Comedy, Romance",265208,1998-07-15,"Bobby Farrelly, Peter Farrelly",,
443,tt0133152,2005-12-29,2011-08-11,,Planet of the Apes,https://www.imdb.com/title/tt0133152/,movie,5.7,119,2001,"Action, Adventure, Sci-Fi, Thriller",194703,2001-07-26,Tim Burton,,
444,tt0343818,2005-12-29,2011-08-11,,"I, Robot",https://www.imdb.com/title/tt0343818/,movie,7.1,115,2004,"Action, Crime, Drama, Mystery, Sci-Fi, Thriller",438435,2004-07-07,Alex Proyas,,
445,tt0090555,2005-12-29,2011-08-11,,Crocodile Dundee,https://www.imdb.com/title/tt0090555/,movie,6.5,97,1986,"Adventure, Comedy",81862,1986-04-24,Peter Faiman,,
446,tt0093010,2005-12-29,2011-08-11,,Fatal Attraction,https://www.imdb.com/title/tt0093010/,movie,6.9,119,1987,"Drama, Thriller",62718,1987-09-16,Adrian Lyne,,
447,tt0086960,2005-12-29,2011-08-11,,Beverly Hills Cop,https://www.imdb.com/title/tt0086960/,movie,7.3,105,1984,"Action, Comedy, Crime",141015,1984-12-01,Martin Brest,,
448,tt0119822,2005-12-29,2011-08-11,,As Good as It Gets,https://www.imdb.com/title/tt0119822/,movie,7.7,139,1997,"Comedy, Drama, Romance",243904,1997-12-06,James L. Brooks,,
449,tt0092644,2005-12-29,2011-08-11,,Beverly Hills Cop II,https://www.imdb.com/title/tt0092644/,movie,6.5,100,1987,"Action, Comedy, Crime, Thriller",93603,1987-05-19,Tony Scott,,
450,tt0097778,2005-12-29,2011-08-11,,Look Who's Talking,https://www.imdb.com/title/tt0097778/,movie,5.8,93,1989,Comedy,69514,1989-10-12,Amy Heckerling,,
451,tt0087332,2005-12-29,2011-08-11,,Ghost Busters,https://www.imdb.com/title/tt0087332/,movie,7.8,105,1984,"Action, Comedy, Fantasy",305758,1984-06-07,Ivan Reitman,,
452,tt0138097,2005-12-29,2011-08-11,,Shakespeare in Love,https://www.imdb.com/title/tt0138097/,movie,7.2,123,1998,"Comedy, Drama, History, Romance",192558,1998-12-03,John Madden,,
453,tt0107211,2005-12-29,2011-08-11,,Indecent Proposal,https://www.imdb.com/title/tt0107211/,movie,5.8,117,1993,"Drama, Romance",53516,1993-04-06,Adrian Lyne,,
454,tt0113497,2005-12-29,2011-08-11,,Jumanji,https://www.imdb.com/title/tt0113497/,movie,6.9,104,1995,"Adventure, Family, Fantasy",251529,1995-12-15,Joe Johnston,,
455,tt0119164,2005-12-29,2011-08-11,,The Full Monty,https://www.imdb.com/title/tt0119164/,movie,7.2,91,1997,"Comedy, Drama",88995,1997-08-13,Peter Cattaneo,,
456,tt0243155,2005-12-29,2011-08-11,,Bridget Jones's Diary,https://www.imdb.com/title/tt0243155/,movie,6.7,97,2001,"Comedy, Drama, Romance",194971,2001-04-04,Sharon Maguire,,
457,tt0128853,2005-12-29,2011-08-11,,You've Got Mail,https://www.imdb.com/title/tt0128853/,movie,6.6,119,1998,"Comedy, Drama, Romance",168596,1998-12-18,Nora Ephron,,
458,tt0112431,2005-12-29,2011-08-11,,Babe,https://www.imdb.com/title/tt0112431/,movie,6.8,91,1995,"Comedy, Drama, Family",103420,1995-08-04,Chris Noonan,,
459,tt0109831,2005-12-29,2011-08-11,,Four Weddings and a Funeral,https://www.imdb.com/title/tt0109831/,movie,7.1,117,1994,"Comedy, Drama, Romance",119179,1994-01-20,Mike Newell,,
460,tt0185937,2005-12-29,2011-08-11,,The Blair Witch Project,https://www.imdb.com/title/tt0185937/,movie,6.4,81,1999,"Horror, Mystery",207308,1999-01-25,"Eduardo Sánchez, Daniel Myrick",,
461,tt0116213,2005-12-29,2011-08-11,,Eraser,https://www.imdb.com/title/tt0116213/,movie,6.1,115,1996,"Action, Drama, Mystery, Thriller",92308,1996-06-11,Chuck Russell,,
462,tt0118689,2005-12-29,2011-08-11,,Bean,https://www.imdb.com/title/tt0118689/,movie,6.4,89,1997,"Adventure, Comedy, Family",84200,1997-07-03,Mel Smith,,
463,tt0116209,2005-12-29,2011-08-11,,The English Patient,https://www.imdb.com/title/tt0116209/,movie,7.4,162,1996,"Drama, Romance, War",157811,1996-10-31,Anthony Minghella,,
464,tt0105417,2005-12-29,2011-08-11,,Sister Act,https://www.imdb.com/title/tt0105417/,movie,6.3,100,1992,"Comedy, Crime, Family, Music",74005,1992-05-29,Emile Ardolino,,
465,tt0108147,2005-12-29,2011-08-11,,Sister Act 2: Back in the Habit,https://www.imdb.com/title/tt0108147/,movie,5.5,107,1993,"Comedy, Family, Music",41466,1993-12-10,Bill Duke,,
466,tt0117705,2005-12-29,2011-08-11,,Space Jam,https://www.imdb.com/title/tt0117705/,movie,6.3,88,1996,"Animation, Adventure, Comedy, Family, Fantasy, Sci-Fi, Sport",130848,1996-11-10,Joe Pytka,,
467,tt0097523,2005-12-29,2011-08-11,,"Honey, I Shrunk the Kids",https://www.imdb.com/title/tt0097523/,movie,6.3,93,1989,"Adventure, Comedy, Family, Sci-Fi",121358,1989-06-23,Joe Johnston,,
468,tt0310793,2005-12-29,2011-08-11,,Bowling for Columbine,https://www.imdb.com/title/tt0310793/,movie,8.0,120,2002,"Documentary, Crime, Drama",131000,2002-05-16,Michael Moore,7,2005-12-18
469,tt0361596,2005-12-29,2011-08-11,,Fahrenheit 9/11,https://www.imdb.com/title/tt0361596/,movie,7.5,122,2004,"Documentary, Drama, War",119144,2004-05-17,Michael Moore,,
470,tt0120891,2005-12-29,2011-08-11,,Wild Wild West,https://www.imdb.com/title/tt0120891/,movie,4.8,106,1999,"Action, Comedy, Sci-Fi, Western",139733,1999-06-30,Barry Sonnenfeld,,
471,tt0097428,2005-12-29,2011-08-11,,Ghostbusters II,https://www.imdb.com/title/tt0097428/,movie,6.5,108,1989,"Action, Comedy, Fantasy, Sci-Fi",157922,1989-06-15,Ivan Reitman,,
472,tt0146675,2005-12-29,2011-08-11,,End of Days,https://www.imdb.com/title/tt0146675/,movie,5.7,121,1999,"Action, Fantasy, Horror, Thriller",96224,1999-11-16,Peter Hyams,,
473,tt0100758,2005-12-29,2011-08-11,,Teenage Mutant Ninja Turtles,https://www.imdb.com/title/tt0100758/,movie,6.7,93,1990,"Action, Adventure, Comedy, Family, Sci-Fi",75055,1990-03-30,Steve Barron,,
474,tt0103060,2005-12-29,2011-08-11,,Teenage Mutant Ninja Turtles II: The Secret of the Ooze,https://www.imdb.com/title/tt0103060/,movie,6.0,88,1991,"Action, Adventure, Comedy, Family, Sci-Fi",45831,1991-03-22,Michael Pressman,,
475,tt0108308,2005-12-29,2011-08-11,,Teenage Mutant Ninja Turtles III,https://www.imdb.com/title/tt0108308/,movie,4.8,96,1993,"Action, Adventure, Comedy, Family, Fantasy, Sci-Fi",27300,1993-03-19,Stuart Gillard,,
476,tt0233469,2005-12-29,2011-08-11,,Collateral Damage,https://www.imdb.com/title/tt0233469/,movie,5.5,108,2002,"Action, Drama, Thriller",66060,2002-02-04,Andrew Davis,,
477,tt0113820,2005-12-29,2011-08-11,,Mighty Morphin Power Rangers: The Movie,https://www.imdb.com/title/tt0113820/,movie,5.1,95,1995,"Action, Adventure, Family, Sci-Fi, Thriller",22274,1995-06-30,Bryan Spicer,,
478,tt0114048,2005-12-29,2011-08-11,,Operation Dumbo Drop,https://www.imdb.com/title/tt0114048/,movie,5.0,107,1995,"Action, Adventure, Comedy, Drama, Family, War",7552,1995-07-28,Simon Wincer,,
479,tt0103247,2005-12-29,2011-08-11,,White Fang,https://www.imdb.com/title/tt0103247/,movie,6.7,107,1991,"Adventure, Drama",17234,1991-01-18,Randal Kleiser,,
480,tt0112461,2005-12-29,2011-08-11,,The Basketball Diaries,https://www.imdb.com/title/tt0112461/,movie,7.3,102,1995,"Biography, Crime, Drama, Sport",89243,1995-04-19,Scott Kalvert,,
481,tt0318462,2005-12-29,2011-08-11,,Diarios de motocicleta,https://www.imdb.com/title/tt0318462/,movie,7.8,126,2004,"Adventure, Biography, Drama",89061,2004-01-15,Walter Salles,,
482,tt0265208,2005-12-29,2011-08-11,,The Girl Next Door,https://www.imdb.com/title/tt0265208/,movie,6.7,109,2004,"Comedy, Drama, Romance",183838,2004-02-18,Luke Greenfield,,
483,tt0145531,2005-12-29,2011-08-11,,Stigmata,https://www.imdb.com/title/tt0145531/,movie,6.2,103,1999,Horror,58337,1999-09-10,Rupert Wainwright,,
484,tt0171363,2005-12-29,2011-08-11,,The Haunting,https://www.imdb.com/title/tt0171363/,movie,4.9,113,1999,"Fantasy, Horror, Mystery, Thriller",63237,1999-07-20,Jan de Bont,,
485,tt0110638,2005-12-29,2011-08-11,,Nell,https://www.imdb.com/title/tt0110638/,movie,6.5,112,1994,Drama,24611,1994-12-14,Michael Apted,,
486,tt0082348,2005-12-29,2011-08-11,,Excalibur,https://www.imdb.com/title/tt0082348/,movie,7.4,140,1981,"Adventure, Drama, Fantasy, Romance",50999,1981-04-10,John Boorman,,
487,tt0113670,2005-12-29,2011-08-11,,A Little Princess,https://www.imdb.com/title/tt0113670/,movie,7.7,97,1995,"Drama, Family, Fantasy",27666,1995-05-10,Alfonso Cuarón,,
488,tt0029583,2005-12-29,2011-08-11,,Snow White and the Seven Dwarfs,https://www.imdb.com/title/tt0029583/,movie,7.6,83,1937,"Animation, Family, Fantasy, Musical, Romance",152928,1937-12-21,"William Cottrell, David Hand, Perce Pearce, Ben Sharpsteen, Wilfred Jackson, Larry Morey",,
489,tt0183523,2005-12-29,2011-08-11,,Mission to Mars,https://www.imdb.com/title/tt0183523/,movie,5.6,114,2000,"Adventure, Sci-Fi, Thriller",64871,2000-03-06,Brian De Palma,,
490,tt0120832,2005-12-29,2011-08-11,,Snake Eyes,https://www.imdb.com/title/tt0120832/,movie,6.0,98,1998,"Crime, Mystery, Thriller",68772,1998-07-30,Brian De Palma,,
491,tt0116996,2005-12-29,2011-08-11,,Mars Attacks!,https://www.imdb.com/title/tt0116996/,movie,6.3,106,1996,"Comedy, Sci-Fi",188202,1996-12-12,Tim Burton,,
492,tt0089822,2005-12-29,2011-08-11,,Police Academy 2: Their First Assignment,https://www.imdb.com/title/tt0089822/,movie,5.7,87,1985,Comedy,44210,1985-03-29,"James Signorelli, Jerry Paris",,
493,tt0093756,2005-12-29,2011-08-11,,Police Academy 4: Citizens on Patrol,https://www.imdb.com/title/tt0093756/,movie,4.8,88,1987,"Comedy, Crime",35074,1987-04-03,Jim Drake,,
494,tt0095882,2005-12-29,2011-08-11,,Police Academy 5: Assignment: Miami Beach,https://www.imdb.com/title/tt0095882/,movie,4.4,90,1988,"Comedy, Crime",28401,1988-03-18,Alan Myerson,,
495,tt0087928,2005-12-29,2011-08-11,,Police Academy,https://www.imdb.com/title/tt0087928/,movie,6.7,96,1984,Comedy,98198,1984-03-23,Hugh Wilson,,
496,tt0418763,2005-12-30,2011-08-11,,Jarhead,https://www.imdb.com/title/tt0418763/,movie,7.0,125,2005,"Biography, Drama, War",156107,2005-10-27,Sam Mendes,7,2005-12-30
497,tt0267804,2005-12-30,2011-08-11,,The One,https://www.imdb.com/title/tt0267804/,movie,5.9,87,2001,"Action, Sci-Fi, Thriller",82997,2001-11-02,James Wong,,
498,tt0103874,2005-12-30,2011-08-11,,Dracula,https://www.imdb.com/title/tt0103874/,movie,7.5,128,1992,Horror,161959,1992-11-10,Francis Ford Coppola,,
499,tt0096754,2005-12-30,2011-08-11,,The Abyss,https://www.imdb.com/title/tt0096754/,movie,7.6,145,1989,"Adventure, Drama, Sci-Fi, Thriller",144525,1989-08-09,James Cameron,,
